site,lon,lat,Abudefduf.saxatilis,Anthias.anthias,Apogon.imberbis,Atherina.boyeri,Atherina.spp,Balistes.capriscus,Belone.belone,Belonidae,Boops.boops,Caranx.crysos,Cheilodipterus.novemstriatus,Chelon.labrosus,Chromis.chromis,Clupeidae,Conger.conger,Coris.julis,Ctenolabrus.rupestris,Dactylopterus.volitans,Dasyatis.pastinaca,Dentex.dentex,Dicentrarchus.labrax,Dicentrarchus.punctatus,Diplodus.annularis,Diplodus.cervinus,Diplodus.puntazzo,Diplodus.sargus,Diplodus.vulgaris,Epinephelus.aeneus,Epinephelus.caninus,Epinephelus.costae,Epinephelus.marginatus,Fistularia.commersonii,Gobius.auratus,Gobius.bucchichi,Gobius.cobitis,Gobius.cruentatus,Gobius.geniporus,Gobius.paganellus,Gobius.vittatus,Gobius.xanthocephalus,Herklotsichthys.punctatus,Labridae,Labrus.merula,Labrus.mixtus,Labrus.viridis,Lagocephalus.sceleratus,Lichia.amia,Lithognathus.mormyrus,Liza.aurata,Mugil.cephalus,Mullus.barbatus,Mullus.surmuletus,Muraena.helena,Mycteroperca.rubra,Myliobatis.aquila,Oblada.melanura,Oedalechilus.labeo,Pagellus.acarne,Pagrus.caeruleostictus,Pagrus.pagrus,Parablennius.gattorugine,Parablennius.incognitus,Parablennius.pilicornis,Parablennius.rouxi,Parablennius.sanguinolentus,Parablennius.tentacularis,Parablennius.zvonimiri,Parupeneus.forsskali,Pempheris.vanicolensis,Phycis.phycis,Plotosus.lineatus,Pomadasys.incisus,Pomatomus.saltatrix,Pomatoschistus.quagga,Pseudocaranx.dentex,Pteragogus.pelycus,Pterois.miles,Sardina.pilchardus,Sargocentron.rubrum,Sarpa.salpa,Scartella.cristata,Scarus.ghobban,Sciaena.umbra,Scorpaena.maderensis,Scorpaena.notata,Scorpaena.porcus,Scorpaena.scrofa,Seriola.dumerili,Serranus.cabrilla,Serranus.hepatus,Serranus.scriba,Siganus.luridus,Siganus.rivulatus,Sparisoma.cretense,Sparus.aurata,Sphyraena.chrysotaenia,Sphyraena.sphyraena,Sphyraena.viridensis,Spicara.maena,Spicara.smaris,Spondyliosoma.cantharus,Stephanolepis.diaspros,Symphodus.cinereus,Symphodus.doderleini,Symphodus.mediterraneus,Symphodus.melanocercus,Symphodus.ocellatus,Symphodus.roissali,Symphodus.rostratus,Symphodus.spp.,Symphodus.tinca,Synodus.saurus,Taeniura.grabata,Thalassoma.pavo,Torquigener.flavimaculosus,Trachinotus.ovatus,Trachinus.draco,Trachurus.mediterraneus,Tripterygion.delaisi,Tripterygion.melanurus,Tripterygion.tripteronotus,Trisopterus.minutus
1 Km South of the marina,3.166758,42.47317,0,0,0,0,0,0,0,0,0,0,0,0,1990,0,0,518,0,0,0,0,0,0,8,1,1,66,162,0,0,0,0,0,0,4,0,0,0,0,0,3,0,0,9,0,3,0,0,0,0,2,0,28,3,0,0,0,0,0,1,0,0,0,0,9,0,0,0,0,0,0,0,0,0,0,0,0,0,0,0,10,0,0,4,0,0,0,0,1,56,0,0,0,0,0,0,0,0,0,20,0,0,0,0,7,44,37,52,1,4,0,17,0,0,0,0,0,0,0,2,0,0,0
1000m S of Harbor,3.166758,42.47317,0,0,0,0,0,0,0,0,0,0,0,0,377,0,0,337,0,0,0,0,0,0,0,0,1,26,62,0,0,0,1,0,0,0,0,0,0,0,0,6,0,0,0,0,3,0,0,1,0,3,0,20,0,0,0,1,0,0,0,0,0,0,0,0,0,0,0,0,0,0,0,0,0,0,0,0,0,0,0,0,0,0,0,0,0,0,0,0,26,0,0,0,0,0,2,0,0,0,45,0,0,0,85,2,5,2,11,6,3,0,6,0,0,0,0,0,0,0,0,0,0,0
500m S of Harbor,3.166758,42.47317,0,0,0,0,0,0,0,0,0,0,0,0,583,0,0,177,0,0,0,1,0,0,1,0,0,21,74,0,0,0,0,0,0,0,0,0,0,0,0,0,0,0,3,0,0,0,0,0,0,0,0,9,0,0,0,44,0,0,0,0,0,1,0,0,0,0,0,0,0,0,0,0,0,0,0,0,0,0,0,79,0,0,3,1,0,0,0,0,15,0,1,0,0,0,0,0,0,0,182,0,0,0,9,7,2,3,96,28,0,0,10,0,0,1,0,0,0,0,1,0,0,0
Achziv,35.07617,33.04638,1,0,5,0,0,6,0,0,110,4,209,0,5357,0,0,969,0,0,9,7,0,0,0,12,1,381,240,0,0,4,39,0,0,195,0,0,0,0,0,0,3000,0,0,0,0,2,0,0,0,3,0,7,2,114,0,1094,0,0,0,0,2,10,0,1,0,0,1,16,129,0,0,143,0,0,22,0,0,0,312,0,0,16,3,9,0,1,0,0,23,0,29,985,4710,45,1,0,0,0,16,0,0,1,0,0,17,0,0,14,0,0,59,0,3,3379,49,0,0,0,8,11,0,0
ADRASAN,30.436,36.237,0,0,0,0,0,0,0,0,0,0,0,0,348,0,0,3,0,0,0,0,0,0,0,0,0,5,2,0,0,0,0,0,0,0,0,0,0,0,0,0,0,0,0,0,0,0,0,0,0,0,0,0,0,0,0,0,0,0,0,0,0,0,0,0,0,0,0,0,0,0,0,0,0,0,0,0,0,0,0,0,0,0,0,0,0,0,0,0,0,0,0,17,0,5,0,0,0,0,0,0,0,0,0,0,0,0,0,0,0,0,0,0,0,80,0,0,0,0,1,0,0,0
ADRASAN,30.462,36.256,0,0,0,0,0,0,0,0,0,0,0,0,220,0,0,12,0,0,0,0,0,0,0,0,0,0,0,0,0,0,1,0,0,0,0,0,0,0,0,0,0,0,0,0,0,0,0,0,0,0,0,0,0,1,0,0,0,0,0,0,0,0,0,0,0,0,0,0,0,0,0,0,0,0,0,0,0,0,0,0,0,0,0,0,0,0,0,0,0,0,1,26,0,15,0,0,0,0,0,0,0,0,0,0,0,0,0,0,0,0,0,0,0,56,0,0,0,0,0,0,0,0
ADRASAN,30.479,36.272,0,0,2,0,0,0,0,0,0,0,0,0,13,0,0,28,0,0,0,0,0,0,0,0,0,7,2,0,0,1,0,0,0,0,0,0,0,0,0,0,0,0,0,0,0,0,0,0,0,0,0,0,0,1,0,0,0,0,0,0,0,0,0,0,0,0,0,0,0,0,0,0,0,0,0,0,0,0,0,0,0,0,0,0,0,0,0,0,0,0,2,0,0,7,0,0,0,0,0,0,0,0,0,0,0,0,0,0,0,0,0,0,0,15,0,0,0,0,0,0,0,0
ADRASAN,30.487,36.368,0,0,0,0,0,0,0,0,0,0,0,0,58,0,0,8,0,0,0,0,0,0,0,0,0,4,8,0,0,0,0,0,0,0,0,0,0,0,0,0,0,0,0,0,0,0,0,0,0,0,0,0,0,0,0,35,0,0,0,0,0,0,0,0,0,0,0,0,0,0,0,0,0,0,0,0,0,0,1,0,0,0,0,0,0,0,0,0,0,0,4,1,10,17,0,0,0,0,0,0,0,0,0,0,0,0,0,0,0,0,0,0,0,26,0,0,0,0,0,0,0,0
ADRASAN,30.487,36.388,0,0,3,0,0,0,0,0,0,0,0,0,105,0,0,11,0,0,0,0,0,0,0,0,0,4,0,0,0,0,1,0,0,0,0,0,0,0,0,0,0,0,0,0,0,0,0,0,0,0,0,0,0,0,0,0,0,0,0,0,0,0,0,0,0,0,0,0,0,0,0,0,0,0,0,0,0,0,0,0,0,0,0,0,0,0,0,0,0,0,4,3,9,2,0,0,0,0,0,0,0,0,0,0,0,0,0,0,0,0,0,0,0,61,0,0,0,0,0,0,0,0
ADRASAN,30.529,36.337,0,0,0,0,0,0,0,0,0,0,0,0,365,0,0,6,0,0,0,0,0,0,0,0,1,5,13,0,0,0,0,0,0,0,0,0,0,0,0,0,0,0,0,0,0,0,0,0,0,0,0,0,0,0,0,50,0,0,0,0,0,0,0,0,0,0,0,0,0,0,0,0,0,0,0,0,0,0,0,0,0,0,0,0,0,0,0,0,0,0,4,42,0,18,0,0,0,0,0,0,0,0,0,0,0,0,0,0,0,0,0,0,0,36,0,0,0,0,0,0,0,0
ALONISSOS,23.779,39.101,0,0,3,0,0,0,0,0,0,0,0,0,260,0,0,62,0,0,0,0,0,0,19,0,1,2,16,0,0,0,0,0,0,0,0,0,0,0,0,0,0,0,0,0,0,0,0,0,0,0,0,3,0,0,0,7,0,0,0,0,0,0,0,0,0,0,0,0,0,0,0,0,0,0,0,0,0,0,0,10,0,0,3,0,0,0,0,0,3,0,6,0,0,0,0,0,0,0,0,0,6,0,0,0,4,2,4,0,1,0,13,0,0,0,0,0,0,0,0,0,0,0
ALONISSOS,23.785,39.108,0,0,8,0,0,0,0,0,0,0,0,0,392,0,0,68,0,0,0,0,0,0,1,0,1,0,10,0,0,0,0,0,0,0,0,0,0,0,0,0,0,0,0,0,0,0,0,0,0,0,0,0,0,0,0,42,0,0,0,0,0,0,0,0,0,0,0,0,0,0,0,0,0,0,0,0,0,0,0,48,0,0,0,0,0,0,0,0,6,0,7,0,0,0,0,0,0,0,0,0,1,0,0,1,3,1,5,0,3,0,12,0,0,9,0,0,0,0,0,0,0,0
ALONISSOS,23.829,39.152,0,0,3,0,0,0,0,0,0,0,0,0,650,0,0,42,0,0,0,0,0,0,4,0,0,1,0,0,0,0,0,0,0,0,0,0,0,0,0,0,0,0,0,0,0,0,0,0,0,0,0,0,0,0,0,16,0,0,0,0,0,0,0,0,0,0,0,0,0,0,0,0,0,0,0,0,0,0,0,29,0,0,0,0,0,0,0,0,2,0,12,0,0,0,0,0,0,0,0,0,1,0,0,0,3,2,5,0,0,0,8,0,0,5,0,0,0,0,0,0,2,0
ALONISSOS,23.841,39.158,0,0,22,0,0,0,0,0,0,0,0,0,250,0,0,41,0,0,0,0,0,0,7,0,1,0,7,0,0,0,0,0,0,0,0,0,0,0,0,0,0,0,0,0,0,0,0,0,0,0,0,1,0,0,0,60,0,0,0,0,0,0,0,0,0,0,0,0,0,0,0,0,0,0,0,0,0,0,0,21,0,0,0,0,0,0,0,0,1,0,6,0,0,0,0,0,0,0,0,0,6,0,0,0,0,2,3,0,3,0,6,0,0,15,0,0,0,0,0,0,1,0
ALONISSOS,23.867,39.203,0,0,25,0,0,0,0,0,0,0,0,0,275,0,0,82,0,0,0,0,0,0,5,0,0,0,1,0,0,0,0,0,0,0,0,0,0,0,0,0,0,0,0,0,0,0,0,0,0,0,0,0,0,0,0,28,0,0,0,0,0,0,0,0,0,0,0,0,0,0,0,0,0,0,0,0,0,0,0,0,0,0,0,0,0,0,0,0,8,0,5,0,0,0,0,0,0,0,0,0,6,0,0,0,3,1,0,0,2,0,13,0,0,0,0,0,0,0,0,0,0,0
ALONISSOS,23.872,39.172,0,0,0,0,0,0,0,0,0,0,0,0,150,0,0,32,0,0,0,0,0,0,19,0,0,1,4,0,0,0,0,0,0,0,0,0,0,0,0,0,0,0,2,0,0,0,0,0,0,0,0,0,0,0,0,19,0,0,0,0,0,0,0,1,0,0,0,0,0,0,0,0,0,0,0,0,0,0,0,42,0,0,0,0,0,0,0,0,1,0,12,0,0,0,0,0,0,0,0,0,12,0,0,0,2,2,0,0,0,0,5,0,0,0,0,0,0,0,0,0,2,0
Asinara,8.212,41.005,0,0,0,0,0,0,0,0,0,0,0,0,2052,0,0,314,0,0,0,0,1,0,0,0,7,262,588,0,0,0,13,0,0,2,0,0,0,0,0,0,0,0,11,1,2,0,0,0,0,95,0,19,1,0,0,39,0,0,0,0,0,0,0,3,1,0,0,0,0,0,0,0,0,0,0,0,0,0,0,256,0,0,0,0,0,0,0,8,59,0,23,0,0,0,0,0,0,0,16,0,0,0,5,0,3,1,49,21,2,0,87,0,0,53,0,0,0,0,1,0,0,0
Asinara,8.217,41.024,0,0,0,0,0,0,0,0,0,0,0,0,214,0,0,24,0,0,0,0,0,0,0,0,13,34,192,0,0,0,5,0,0,0,0,0,0,0,0,0,0,0,4,0,0,0,0,0,0,14,0,4,4,0,0,51,0,0,0,0,0,0,0,0,0,0,0,0,0,0,0,0,0,0,0,0,0,0,0,100,0,0,0,0,0,1,0,0,18,0,12,0,0,0,0,0,0,0,104,0,9,0,0,0,0,3,0,7,1,0,42,0,0,25,0,0,0,0,0,0,0,0
Asinara,8.217,41.121,0,0,0,0,0,0,0,0,0,0,0,0,1166,0,0,227,0,0,0,8,0,0,0,0,17,127,387,0,0,0,7,0,0,1,0,0,0,0,0,0,0,0,11,1,1,0,0,0,0,3,0,20,3,0,0,276,0,0,0,0,0,0,0,0,0,0,0,0,0,0,0,0,0,0,0,0,0,0,0,115,0,0,7,0,0,0,0,0,53,0,30,0,0,0,4,0,0,0,20,0,12,0,0,0,2,5,0,90,2,0,87,0,0,49,0,0,0,0,0,0,0,0
Asinara,8.218,41.038,0,0,0,0,0,0,0,0,40,0,0,0,127,0,0,80,0,0,0,0,0,0,1,0,6,45,73,0,0,0,2,0,0,0,0,0,0,0,0,0,0,0,10,1,4,0,0,0,0,3,0,9,1,0,0,138,0,0,0,0,0,0,0,0,0,0,0,0,0,0,0,0,0,0,0,0,0,0,0,68,0,0,4,0,0,3,0,0,36,0,5,0,0,0,0,0,0,0,20,0,50,0,0,0,1,2,0,30,2,0,56,0,0,27,0,0,0,0,1,0,0,0
Asinara,8.24,41.049,0,0,0,0,0,0,0,0,0,0,0,0,2165,0,0,225,0,0,0,31,0,0,7,0,11,90,239,0,0,0,2,0,0,0,0,1,0,0,0,0,0,0,3,0,2,0,0,0,0,41,0,17,6,0,0,267,0,0,0,0,0,0,0,1,0,0,0,0,0,0,0,0,0,0,0,0,0,0,0,123,0,0,4,0,1,0,0,4,56,0,11,0,0,0,0,0,0,0,426,0,45,0,0,0,4,1,1,21,0,0,78,0,0,18,0,0,0,0,0,0,1,0
Asinara,8.349,41.091,0,0,0,0,0,0,0,0,0,0,0,0,1150,0,0,87,0,0,0,9,0,0,1,0,7,98,118,0,0,0,3,0,0,0,0,0,0,0,0,0,0,0,4,2,4,0,0,0,0,3,0,4,0,0,0,11,0,0,0,0,0,0,0,0,0,0,0,0,0,0,0,0,0,0,0,0,0,0,0,131,0,0,7,0,0,0,0,0,25,0,12,0,0,0,2,0,0,150,96,0,0,0,0,0,3,3,0,16,3,0,149,0,0,37,0,0,0,0,0,0,1,0
ASINARA_add,7.898180497,41.07740853,0,0,1,10,0,0,0,0,0,0,0,0,12,0,0,27,0,0,0,0,0,0,28,0,16,30,0,0,0,0,13,0,0,0,0,0,0,0,0,0,0,0,9,0,7,0,0,0,0,7,0,1,1,0,0,20,0,0,0,0,0,0,0,0,0,0,0,0,0,0,0,0,0,0,0,0,0,0,0,25,0,0,1,0,0,0,0,2,23,0,20,0,0,0,0,0,0,0,0,0,0,0,0,0,0,3,0,26,0,0,31,0,0,59,0,0,0,0,0,0,0,0
ASINARA_add,8.155,41,0,0,2,5,0,0,0,0,0,0,0,0,7,0,0,36,0,0,0,5,2,0,5,0,2,26,13,0,0,0,4,0,0,0,0,0,0,0,0,0,0,0,9,0,2,0,0,0,0,7,0,1,0,0,0,4,0,0,0,0,0,0,0,0,1,0,0,0,0,0,0,0,0,0,0,0,0,0,0,12,0,0,1,0,0,1,0,0,9,0,51,0,0,0,0,0,0,0,0,0,0,0,0,0,0,1,0,21,0,0,51,0,0,16,0,0,0,0,0,1,0,0
ASINARA_add,8.194,41.062,0,0,1,9,0,0,0,0,0,0,0,0,19,0,0,38,0,0,0,2,3,0,16,0,8,24,0,0,0,1,14,0,0,0,0,0,0,0,0,0,0,0,15,0,2,0,0,0,0,0,0,1,2,0,0,9,0,0,0,0,0,0,0,1,0,0,1,0,0,0,0,0,0,0,0,0,0,0,0,5,0,0,2,0,0,0,0,1,28,0,50,0,0,0,1,0,0,0,0,0,0,0,0,0,0,1,0,17,1,0,47,0,0,41,0,0,0,0,0,3,0,0
ASINARA_add,8.195,41.825,0,0,0,3,0,0,0,0,0,0,0,0,18,0,0,61,0,0,0,0,1,0,9,0,3,18,1,0,0,0,1,0,0,0,0,0,0,0,0,0,0,0,21,0,0,0,0,0,0,7,0,0,1,0,0,1,0,0,0,0,2,0,0,0,2,0,0,0,0,0,0,0,0,0,0,0,0,0,0,2,0,0,0,0,0,0,0,0,9,0,80,0,0,0,0,0,0,0,0,0,0,0,0,0,0,1,0,29,2,0,59,0,0,35,0,0,0,0,2,0,1,0
ASINARA_add,8.201,41.043,0,0,3,6,0,0,0,0,0,0,0,0,7,0,0,26,0,0,0,0,3,0,13,0,9,25,6,0,0,0,7,0,0,1,0,0,0,0,0,0,0,0,20,0,8,0,0,0,0,2,0,1,3,0,0,5,0,0,0,0,0,0,0,1,0,0,0,0,0,0,0,0,0,0,0,0,0,0,0,11,0,0,1,0,0,0,0,0,1,0,77,0,0,0,0,0,0,0,0,0,0,0,0,0,1,3,0,23,5,0,50,0,0,41,0,0,0,0,2,1,6,0
ASINARA_add,8.204,41.055,0,0,5,13,0,0,0,0,0,0,0,0,14,0,0,50,0,0,0,2,1,0,21,0,12,37,4,0,0,0,3,0,0,2,0,0,0,0,0,0,0,0,10,0,6,0,0,0,0,2,0,0,0,0,0,12,0,0,0,0,0,0,0,0,0,0,0,0,0,0,0,0,0,0,0,0,0,0,0,9,0,0,0,0,0,0,0,1,16,0,44,0,0,0,0,0,0,0,0,0,0,0,0,0,0,0,0,36,0,0,48,0,0,57,0,0,0,0,0,0,0,0
ASINARA_add,8.212,41.005,0,0,0,9,0,0,0,0,0,0,0,0,14,0,0,37,0,0,0,1,2,0,18,0,6,23,1,0,0,0,1,0,0,0,0,0,0,0,0,0,0,0,3,0,1,0,0,0,0,6,0,0,0,0,0,6,0,0,0,0,1,0,0,0,0,0,0,0,0,0,0,0,0,0,0,0,0,0,0,15,0,0,0,0,0,0,0,1,36,0,4,0,0,0,1,0,0,0,0,0,0,0,0,0,0,0,0,13,0,0,28,0,0,38,0,0,0,0,0,0,0,0
ASINARA_add,8.217,41.024,0,0,0,4,0,0,0,0,0,0,0,0,13,0,0,24,0,0,0,1,0,0,19,0,14,26,1,0,0,0,2,0,0,0,0,0,0,0,0,0,0,0,5,0,0,0,0,0,0,7,0,2,4,0,0,5,0,0,0,0,0,0,0,0,0,0,0,0,0,0,0,0,0,0,0,0,0,0,0,12,0,0,0,0,0,1,0,1,40,0,12,0,0,0,1,0,0,0,0,0,0,0,0,0,0,0,0,19,0,0,24,0,0,41,0,0,0,0,0,0,0,0
ASINARA_add,8.217,41.121,0,0,1,7,0,0,0,0,0,0,0,0,3,0,0,34,0,0,0,1,0,0,15,0,6,35,0,0,0,0,6,0,0,0,0,0,0,1,0,0,0,0,3,0,1,0,0,0,0,9,0,0,0,0,0,12,0,0,0,0,0,0,0,0,0,0,0,0,0,1,0,0,0,0,0,0,0,0,0,16,0,0,3,0,0,0,0,0,28,0,17,0,0,0,2,0,0,0,0,0,0,0,0,0,0,0,0,23,1,0,26,0,0,48,0,0,0,0,0,1,0,0
ASINARA_add,8.24,41.049,0,0,0,1,0,0,0,0,0,0,0,0,1,0,0,1,0,0,0,0,0,0,1,0,0,2,0,0,0,0,0,0,0,0,0,0,0,0,0,0,0,0,0,0,0,0,0,0,0,1,0,0,0,0,0,2,0,0,0,0,0,0,0,0,0,0,0,0,0,0,0,0,0,0,0,0,0,0,0,1,0,0,0,0,0,0,0,0,1,0,0,0,0,0,0,0,0,0,0,0,0,0,0,0,0,0,0,2,0,0,2,0,0,3,0,0,0,0,0,0,0,0
AYVALIK,26.53,39.332,0,0,0,0,0,0,0,0,0,0,0,0,98,0,0,70,0,0,0,0,0,0,0,0,1,4,6,0,0,0,0,0,0,0,0,1,0,0,0,0,0,0,0,0,0,0,0,0,0,0,0,0,0,0,0,0,0,0,0,0,0,0,0,0,0,0,0,0,0,0,0,0,0,0,0,0,0,0,0,8,0,0,0,0,0,0,0,0,5,0,8,0,0,0,0,0,0,0,0,0,0,0,0,1,11,0,3,0,0,0,10,0,0,0,0,0,0,0,0,0,1,0
AYVALIK,26.546,39.322,0,0,0,0,0,0,0,0,10,0,0,0,297,0,0,46,0,0,0,0,0,0,5,0,1,4,107,0,0,0,0,0,0,0,0,0,0,0,0,0,0,0,2,0,0,0,0,0,0,0,0,0,0,0,0,100,0,0,0,0,0,0,0,0,0,0,0,0,0,0,0,0,0,0,0,0,0,0,0,12,0,0,0,0,0,0,0,0,4,0,2,0,0,0,0,0,0,0,0,0,0,0,1,3,6,4,35,1,0,0,9,0,0,1,0,0,0,0,0,0,0,0
AYVALIK,26.563,39.336,0,0,2,0,0,0,0,0,0,0,0,0,330,0,0,39,0,0,0,0,0,0,1,0,0,0,28,0,0,0,1,0,0,0,3,0,1,0,0,1,0,0,0,0,1,0,0,0,0,0,0,0,0,0,0,6,0,0,0,0,0,0,0,0,0,0,0,0,0,0,0,0,0,0,0,0,0,0,0,0,0,0,0,0,0,0,0,0,5,0,4,0,0,0,0,0,0,0,0,0,0,0,0,1,12,1,7,0,0,0,9,0,0,0,0,0,0,0,0,0,0,0
AYVALIK,26.568,39.333,0,0,0,0,0,0,0,0,0,0,0,0,740,0,0,25,0,0,0,0,0,0,11,0,0,2,18,0,0,0,0,0,0,1,5,1,0,0,0,0,0,0,6,0,3,0,0,0,0,0,0,0,0,0,0,130,0,0,0,0,0,0,0,0,0,0,0,0,0,1,0,0,0,0,0,0,0,0,0,2,0,0,0,0,0,0,0,0,8,0,6,0,0,0,0,0,0,0,0,1,0,0,0,0,2,2,0,0,0,0,10,0,0,0,0,0,0,0,1,0,0,0
AYVALIK,26.59,39.358,0,0,4,0,0,0,0,0,0,0,0,0,85,0,0,18,0,0,0,0,0,0,13,0,0,1,19,0,0,0,0,0,0,0,0,0,1,0,0,2,0,0,3,0,1,0,0,0,0,1,0,0,0,0,0,0,0,0,0,0,0,0,0,0,0,0,0,0,0,0,0,0,0,0,0,0,0,0,0,18,0,0,0,0,0,0,0,0,12,0,3,0,0,0,0,0,0,0,0,0,0,0,0,4,9,0,11,0,0,0,3,0,0,0,0,0,0,0,0,0,0,0
AYVALIK,26.593,39.335,0,0,0,0,0,0,0,0,0,0,0,0,272,0,0,12,0,0,0,0,0,0,3,0,0,0,21,0,0,0,0,0,0,0,0,0,0,0,0,0,0,0,2,0,0,0,0,0,0,0,0,0,0,0,0,0,0,0,0,0,0,0,0,0,0,0,0,0,0,0,0,0,0,0,0,0,0,0,0,0,0,0,0,0,0,0,0,0,9,0,8,0,0,0,0,0,0,0,0,0,0,0,0,1,10,0,4,0,1,0,15,0,0,0,0,0,0,0,0,0,0,0
Banyuls,3.166758,42.47317,0,0,0,0,0,0,0,0,0,0,0,0,780,0,0,246,1,0,0,0,0,0,1,1,4,22,137,0,0,0,0,0,0,0,0,0,0,0,0,0,0,0,2,0,2,0,0,0,0,0,0,18,0,0,0,110,0,0,0,0,0,0,0,0,0,0,0,0,0,0,0,0,0,0,0,0,0,0,0,70,0,0,0,0,0,0,1,0,25,0,3,0,0,0,0,0,0,0,1,0,0,0,3,1,8,7,64,31,2,0,15,0,0,1,0,0,0,0,0,0,0,0
Banyuls port,3.166758,42.47317,0,0,0,0,0,0,0,0,0,0,0,0,1299,0,0,127,0,0,0,0,0,0,0,0,0,17,34,0,0,0,0,0,0,0,0,0,0,0,0,0,0,0,4,0,0,0,0,0,0,1,0,23,0,0,0,100,0,0,0,2,0,0,0,0,0,0,0,0,0,0,0,0,0,0,0,0,0,0,0,0,0,0,0,0,0,0,0,0,28,0,1,0,0,0,0,0,0,0,0,0,0,0,1,0,1,1,3,0,0,0,13,0,0,0,0,0,0,0,0,0,0,0
Banyuls_Unknown,3.166758,42.47317,0,0,0,400,0,0,0,0,0,0,0,0,329,0,0,433,0,0,0,3,0,1,3,0,0,116,21,0,0,0,0,0,0,0,0,0,0,0,0,314,0,0,4,0,2,0,0,0,0,5,0,14,0,0,0,0,0,0,0,0,0,0,0,0,0,0,0,0,0,0,0,0,0,521,0,0,0,0,0,14,0,0,0,0,0,0,0,0,30,0,0,0,0,0,42,0,0,0,0,0,0,0,1,0,9,2,38,4,7,0,46,0,0,0,0,0,0,0,0,0,0,0
Beach at next bay over from Banyuls,3.166758,42.47317,0,0,0,0,0,0,0,0,0,0,0,0,20,0,0,370,0,0,0,2,0,0,3,0,0,8,29,0,0,0,0,0,0,2,0,0,0,0,0,2,0,0,0,0,2,0,0,0,0,0,0,22,0,0,0,91,0,0,0,1,0,0,0,0,0,1,0,0,0,0,0,0,0,350,0,0,0,0,0,0,0,0,0,0,0,0,0,0,46,0,0,0,0,0,0,0,0,0,0,0,0,0,15,1,4,5,163,2,1,0,19,0,0,0,0,0,0,0,0,0,0,0
Behind the marina,3.166758,42.47317,0,0,0,0,0,0,0,0,0,0,0,0,79,0,0,51,0,0,0,0,1,0,0,0,0,6,34,0,0,0,0,0,0,0,0,0,0,0,0,0,0,0,1,0,0,0,0,0,0,0,0,0,0,0,0,0,0,0,0,0,0,0,0,0,0,0,0,0,0,0,0,0,0,0,0,0,0,0,0,0,0,0,0,0,0,0,0,0,8,0,0,0,0,0,0,0,0,0,0,0,0,0,0,0,2,0,0,1,0,0,1,0,0,0,0,0,0,0,0,0,0,0
Brijuni,13.7148,44.9163,0,0,0,0,0,0,0,0,0,0,0,0,531,0,0,23,0,0,0,7,0,0,0,0,0,9,68,0,0,0,0,0,0,4,0,0,0,0,0,0,0,0,0,0,0,0,0,0,0,0,0,0,0,0,0,0,0,0,0,0,0,0,0,1,0,0,0,0,0,0,0,0,0,0,0,0,0,0,0,0,0,0,3,0,0,0,0,0,0,0,12,0,0,0,0,0,0,0,0,0,6,0,0,0,0,0,0,3,0,0,2,0,0,0,0,0,0,0,0,0,0,0
Brijuni,13.71567,44.9403,0,0,0,0,0,0,0,0,0,0,0,0,151,0,0,16,0,0,0,5,0,0,0,0,2,8,24,0,0,0,0,0,0,5,0,0,0,0,0,0,0,0,0,0,0,0,1,0,0,0,0,0,0,0,0,30,0,0,0,0,0,0,0,0,0,0,0,0,0,0,0,0,0,0,0,0,0,0,0,0,0,0,0,0,0,0,0,0,0,0,14,0,0,0,0,0,0,0,0,0,0,0,3,0,0,0,0,0,0,0,0,0,0,0,0,0,0,0,0,0,0,0
Brijuni,13.74838,44.93402,0,0,0,580,0,0,0,0,0,0,0,0,2943,0,0,30,0,0,0,0,0,0,0,0,2,5,22,0,0,0,0,0,0,10,0,0,0,0,0,0,0,0,0,0,0,0,0,0,0,0,0,5,0,0,0,314,0,0,0,0,0,0,0,0,0,0,1,0,0,0,0,0,0,0,0,0,0,0,0,4,0,0,0,0,0,0,2,0,0,0,40,0,0,0,0,0,0,0,0,0,0,0,0,0,13,0,0,1,0,0,68,0,0,0,0,0,0,0,0,1,0,0
Brijuni,13.75298,44.88691,0,0,0,0,0,0,0,0,0,0,0,0,1031,0,0,79,0,0,0,2,0,0,0,0,3,39,110,0,0,0,0,0,0,1,0,0,0,0,0,0,0,0,0,0,0,0,0,0,0,0,0,1,0,0,0,29,0,0,0,0,0,0,0,2,0,0,0,0,0,0,0,0,0,0,0,0,0,0,0,23,0,0,0,0,0,0,0,0,0,0,37,0,0,0,0,0,0,0,0,0,0,0,0,1,1,2,0,0,0,0,15,0,0,0,0,0,0,0,0,0,0,0
Brijuni,13.76469,44.90025,0,0,0,0,0,0,0,0,0,0,0,0,374,0,0,24,0,0,0,2,0,0,6,0,0,1,106,0,0,0,0,0,0,1,0,0,0,0,0,0,0,0,2,0,0,0,0,0,0,0,0,0,0,0,0,14,0,0,0,0,0,0,0,1,0,0,0,0,0,0,0,0,0,0,0,0,0,0,0,0,0,0,5,0,0,0,0,0,0,0,27,0,0,0,0,0,0,0,0,0,0,0,0,0,0,0,0,0,0,0,4,0,0,0,0,0,0,0,0,1,0,0
Brijuni,13.78153,44.91356,0,0,0,100,0,0,0,0,0,0,0,0,7,0,0,1,0,0,0,0,6,0,0,0,0,2,12,0,0,0,0,0,0,2,0,0,0,0,0,0,0,0,0,0,0,0,0,0,0,0,0,0,0,0,0,17,0,0,0,0,0,0,0,0,0,0,0,0,0,0,0,0,0,0,0,0,0,0,0,0,0,0,0,0,0,0,0,0,0,0,26,0,0,0,0,0,0,0,0,0,0,0,0,0,0,0,0,0,0,0,3,0,0,0,0,0,0,0,0,0,0,0
Brijuni,13.79089,44.9017,0,0,0,0,0,0,0,0,0,0,0,0,2260,0,0,40,0,0,0,1,0,0,8,0,6,12,136,0,0,0,0,0,0,0,0,0,0,0,0,0,0,0,1,0,0,0,0,0,0,0,0,5,0,0,0,8,0,0,0,0,0,0,0,0,0,0,0,0,0,0,0,0,0,0,0,0,0,0,0,10,0,0,0,0,0,0,0,0,0,0,21,0,0,0,1,0,0,0,0,0,0,0,1,0,0,0,0,0,0,0,0,0,0,0,0,0,0,0,0,0,0,0
Brijuni,13.80915,44.85648,0,0,0,0,0,0,0,0,0,0,0,0,2461,0,0,108,0,0,0,0,0,0,0,0,3,4,77,0,0,0,0,0,0,1,0,0,0,0,0,0,0,0,0,0,0,0,0,0,0,1,0,1,0,0,0,49,0,0,0,0,0,0,0,1,0,0,0,0,0,0,0,0,0,0,0,0,0,0,0,12,0,0,0,0,0,0,1,0,0,0,20,0,0,0,1,0,0,0,0,11,6,0,0,1,9,0,0,0,0,0,22,0,0,0,0,0,0,0,0,0,0,0
Brijuni,13.80918,44.85758,0,0,0,1200,0,0,0,0,0,0,0,0,1171,0,0,121,0,0,0,0,0,0,0,0,2,4,64,0,0,0,0,0,0,0,0,0,0,0,0,0,0,0,0,0,0,0,0,0,0,0,0,17,0,0,0,5,0,0,0,0,0,0,0,2,0,0,0,0,0,0,0,0,0,0,0,0,0,0,0,124,0,0,0,0,0,0,0,0,0,0,23,0,0,0,2,0,0,0,0,0,6,0,0,0,4,2,0,0,0,0,18,0,0,0,0,0,0,0,0,0,0,0
Brijuni,13.81704,44.85674,0,0,0,0,0,0,0,0,0,0,0,0,92,0,0,53,0,0,0,2,0,0,7,0,14,13,79,0,0,0,0,0,0,0,0,0,0,0,0,0,0,0,0,0,0,0,0,3,0,0,0,3,0,0,0,9,0,0,0,0,0,0,0,0,0,0,0,0,0,0,0,0,0,0,0,0,0,0,0,92,0,0,0,0,0,0,0,0,0,1,21,0,0,0,3,0,0,0,0,0,9,0,1,0,0,0,0,0,3,0,23,0,0,0,0,0,0,0,0,0,0,0
Brijuni,13.8291,44.85301,0,0,0,0,0,0,0,0,28,0,0,0,1508,0,0,89,0,0,0,0,0,0,2,0,3,3,108,0,0,0,0,0,0,1,0,0,0,0,0,0,0,0,0,0,0,0,0,0,0,0,0,9,0,0,0,81,0,0,0,0,0,0,0,3,0,0,0,0,0,0,0,0,0,0,0,0,0,0,0,17,0,0,0,0,0,0,0,0,8,2,21,0,0,0,1,0,0,0,0,0,3,0,2,0,4,0,1,0,0,0,9,0,0,0,0,0,0,0,0,0,0,0
CABRERA,2.924,39.133,0,0,0,0,0,0,0,0,0,0,0,0,205,0,0,72,0,0,0,0,0,0,1,0,0,3,11,0,0,0,1,0,0,0,0,0,0,0,0,0,0,0,0,0,2,0,0,0,0,0,0,0,0,0,0,2,0,0,0,0,0,0,0,0,0,0,0,0,0,0,0,0,0,0,0,0,0,0,0,0,0,0,0,0,0,0,0,0,3,0,14,0,0,0,0,0,0,0,0,0,0,0,0,0,10,1,90,3,2,0,24,0,0,21,0,0,0,0,0,0,0,0
CABRERA,2.929,39.13,0,0,0,25,0,0,0,0,170,0,0,0,270,0,0,56,0,0,0,0,0,0,0,0,1,14,10,0,0,0,2,0,0,0,0,0,0,0,0,0,0,0,1,0,1,0,0,0,0,0,0,0,0,0,0,6,0,0,0,0,0,0,0,0,0,0,0,0,0,0,0,0,0,0,0,0,0,0,0,0,0,0,0,0,0,0,0,0,0,0,9,0,0,0,0,0,0,1,0,0,8,0,0,0,5,0,26,5,1,0,28,0,0,18,0,0,0,0,0,0,0,0
CABRERA,2.958,39.126,0,0,0,0,0,0,0,0,0,0,0,0,300,0,0,70,0,0,0,0,0,0,0,0,2,5,23,0,0,1,1,0,0,0,0,0,0,0,0,0,0,0,0,0,0,0,0,0,0,0,0,0,0,0,0,0,0,0,0,0,0,0,0,0,0,0,0,0,0,0,0,0,0,0,0,0,0,0,0,0,0,0,4,0,0,0,0,0,0,0,13,0,0,0,0,0,0,0,0,0,1,0,0,1,9,0,8,1,0,0,5,0,0,56,0,0,0,0,0,0,0,0
CABRERA,2.961,39.138,0,0,0,0,0,0,0,0,0,0,0,0,200,0,0,36,0,0,0,0,0,0,0,0,0,3,35,0,0,1,0,0,0,0,0,0,0,0,0,0,0,0,0,0,0,0,0,0,0,0,0,2,0,0,0,20,0,0,0,0,0,0,0,0,0,0,0,0,0,0,0,0,0,0,0,0,0,0,0,15,0,0,1,0,0,0,0,0,1,0,14,0,0,0,0,0,0,4,0,0,3,0,0,0,1,1,20,0,0,0,9,0,0,6,0,0,0,0,0,0,0,0
CABRERA,2.978,39.169,0,0,0,0,0,0,0,0,0,0,0,0,116,0,0,69,0,0,0,0,0,0,0,0,2,9,16,0,0,0,1,0,0,0,0,0,0,0,0,0,0,0,0,0,0,0,0,0,0,0,0,6,0,0,0,0,0,0,0,0,0,0,0,0,0,0,0,0,0,0,0,0,0,0,0,0,0,0,0,0,0,0,0,0,0,0,0,0,0,0,3,0,0,0,0,0,0,0,0,0,8,0,0,0,1,0,10,0,0,0,7,0,0,14,0,0,0,0,0,0,0,0
CABRERA,2.978,39.205,0,0,0,0,0,0,0,0,0,0,0,0,300,0,0,21,0,0,0,1,0,0,0,0,1,8,49,0,0,0,2,0,0,0,0,0,0,0,0,0,0,0,1,0,0,0,0,0,0,0,0,0,0,0,0,0,0,0,0,0,0,0,0,0,0,0,0,0,0,0,0,0,0,0,0,0,0,0,0,20,0,0,2,0,0,0,0,0,0,0,4,0,0,0,0,0,0,2,0,0,4,0,0,0,4,1,7,2,0,0,13,0,0,58,0,0,0,0,0,0,0,0
CAP DE CREUS,3.231,42.245,0,0,0,0,0,0,0,0,0,0,0,0,477,0,0,68,1,0,0,0,0,0,0,0,0,39,12,0,0,0,0,0,0,0,0,0,0,0,0,0,0,0,2,0,0,0,0,0,0,0,0,3,0,0,0,0,0,0,0,0,0,0,0,0,0,0,0,0,0,0,0,0,0,0,0,0,0,0,0,8,0,0,0,0,0,0,0,0,5,0,1,0,0,0,0,0,0,0,0,20,0,0,0,0,8,0,45,0,0,0,15,0,0,0,0,0,0,0,0,0,0,0
CAP DE CREUS,3.237,42.247,0,0,1,0,0,0,0,0,0,0,0,0,10,0,1,76,0,0,0,1,0,0,0,0,0,20,13,0,0,0,0,0,0,0,0,0,0,0,0,0,0,0,3,0,0,0,0,0,0,0,0,0,0,0,0,0,0,0,0,0,0,0,0,0,0,0,0,0,0,1,0,0,0,0,0,0,0,0,0,35,0,0,0,0,0,0,0,0,4,0,4,0,0,0,0,0,0,0,0,0,0,0,0,0,16,0,99,5,2,0,15,0,0,12,0,0,0,0,0,0,0,0
CAP DE CREUS,3.28,42.333,0,0,0,0,0,0,0,0,0,0,0,0,290,0,0,36,0,0,0,1,0,0,0,0,1,139,14,0,0,0,0,0,0,0,0,0,0,0,0,0,0,0,1,0,0,0,0,0,0,0,0,3,0,0,0,4,0,0,0,0,0,0,0,0,0,0,0,0,0,0,0,0,0,0,0,0,0,0,0,0,0,0,0,0,0,0,0,0,8,0,6,0,0,0,4,0,0,0,0,0,10,0,0,0,3,0,1,0,1,0,5,0,0,0,0,0,0,0,0,0,0,0
CAP DE CREUS,3.308,42.292,0,0,0,0,0,0,0,0,0,0,0,0,550,0,0,102,0,0,0,0,0,0,0,0,0,4,3,0,0,0,0,0,0,0,0,0,0,0,0,0,0,0,3,0,0,0,0,0,0,0,0,0,0,0,0,0,0,0,0,0,0,0,0,0,0,0,0,0,0,0,0,0,0,0,0,0,0,0,0,0,0,0,0,0,0,0,0,0,9,0,2,0,0,0,0,0,0,0,0,0,0,0,0,0,4,0,19,1,0,0,10,0,0,0,0,0,0,0,0,0,0,0
CAP DE CREUS,3.309,42.324,0,0,0,0,0,0,0,0,0,0,0,4,315,0,0,53,0,0,0,0,1,0,0,0,0,81,14,0,0,0,1,0,0,0,0,0,0,0,0,0,0,0,1,0,0,0,0,0,0,0,0,1,0,0,0,4,0,0,0,0,0,0,0,0,0,0,0,0,0,0,0,0,0,0,0,0,0,0,0,10,0,0,0,0,0,0,0,0,8,0,0,0,0,0,0,0,0,0,0,0,0,0,0,0,2,1,13,0,1,0,10,0,0,0,0,0,0,0,0,0,0,0
CAP DE CREUS,3.311,42.313,0,0,0,0,0,0,0,0,60,0,0,0,200,0,0,63,0,0,0,0,0,0,0,1,0,43,24,0,0,0,0,0,0,0,0,0,0,0,0,0,0,0,0,0,0,0,0,0,0,0,0,0,0,0,0,2,0,0,0,0,0,0,0,0,0,0,0,0,0,0,0,0,0,0,0,0,0,0,0,0,0,0,0,0,0,0,0,0,8,0,2,0,0,0,0,0,0,0,80,0,2,0,0,0,3,4,4,1,0,0,4,0,0,0,0,0,0,0,0,0,0,0
CAPO CACCIA,8.084,40.361,0,0,0,0,0,0,0,0,200,0,0,0,150,0,0,99,0,0,0,0,0,0,0,0,1,38,70,0,0,0,0,0,0,0,0,0,0,0,0,0,0,0,0,0,0,0,0,0,0,0,0,0,0,0,0,0,0,0,0,0,0,0,0,7,0,0,0,0,0,0,0,0,0,0,0,0,0,0,0,26,0,0,2,0,3,0,0,0,4,0,3,0,0,0,0,0,0,0,0,0,1,0,0,0,5,2,0,0,0,0,11,0,0,2,0,0,0,0,0,0,0,0
CAPO CACCIA,8.085,40.362,0,0,3,0,0,0,0,0,0,0,0,0,545,0,0,163,0,0,0,0,0,0,1,0,0,55,53,0,0,0,0,0,0,0,0,0,0,0,0,0,0,0,0,1,0,0,0,0,0,0,0,0,0,0,0,52,0,0,0,0,0,0,0,3,0,0,0,0,0,0,0,0,0,0,0,0,0,0,0,68,0,0,0,0,0,0,1,0,18,0,2,0,0,0,0,0,0,0,0,0,1,0,0,0,3,1,3,1,2,0,11,0,0,10,0,0,0,0,1,0,0,1
CAPO CACCIA,8.23,40.569,0,0,24,0,0,0,0,0,0,0,0,0,945,0,0,98,0,0,0,0,0,0,2,0,1,33,41,0,0,0,1,0,0,0,0,0,0,0,1,0,0,0,1,1,0,0,0,0,0,0,0,1,1,0,0,0,0,0,0,0,0,0,0,2,0,0,0,0,0,1,0,0,0,0,0,0,0,0,0,25,0,0,1,0,0,0,0,0,14,0,1,0,0,0,0,0,0,0,20,0,0,0,0,0,1,1,5,1,0,0,35,0,0,3,0,0,0,0,2,0,1,0
CAPO CACCIA,8.233,40.569,0,0,5,0,0,0,0,0,0,0,0,0,790,0,0,119,0,0,0,1,0,0,1,0,1,44,68,0,0,0,1,0,0,0,0,0,0,0,2,0,0,0,1,0,0,0,0,0,0,0,0,0,0,0,0,0,0,0,0,0,0,0,0,1,0,0,0,0,0,0,0,0,0,0,0,0,0,0,0,13,0,0,0,0,0,0,0,0,13,0,1,0,0,0,0,0,0,0,0,0,1,0,0,0,6,2,23,0,1,0,45,0,0,0,0,0,0,0,2,1,0,0
CARLOFORTE,8.132,39.087,0,0,2,0,0,0,0,0,0,0,0,0,400,0,0,51,0,0,0,0,0,0,3,0,0,1,7,0,0,0,0,0,0,0,0,0,0,0,0,0,0,0,2,0,0,0,0,0,0,0,0,0,0,0,0,0,0,0,0,0,0,0,0,0,0,0,0,0,0,0,0,0,0,0,0,0,0,0,0,0,0,0,0,0,0,0,0,0,11,0,7,0,0,0,0,0,0,0,54,0,0,0,0,1,5,4,8,4,9,0,27,0,0,27,0,0,0,0,0,0,0,0
CARLOFORTE,8.138,39.085,0,0,3,0,0,0,0,0,10,0,0,0,290,0,0,105,0,0,0,0,0,0,1,0,0,3,6,0,0,0,0,0,0,0,0,0,0,0,0,0,0,0,1,0,2,0,0,0,0,0,0,0,0,0,0,0,0,2,0,0,0,0,0,0,0,0,0,0,0,0,0,0,0,0,0,0,0,0,0,6,0,0,0,0,0,1,0,0,9,0,5,0,0,0,0,0,0,0,52,0,1,0,0,0,3,3,6,4,2,0,22,0,0,0,0,0,0,0,1,0,0,0
CARLOFORTE,8.147,39.076,0,0,0,0,0,0,0,0,4,0,0,0,170,0,0,92,0,0,0,0,0,0,2,0,1,0,13,0,0,0,0,0,0,0,0,0,0,0,0,0,0,0,1,0,1,0,0,0,0,0,0,2,0,0,0,6,0,0,0,0,0,0,0,0,0,0,0,0,0,0,0,0,0,0,0,0,0,0,0,14,0,0,0,0,0,0,0,0,10,0,3,0,0,0,0,0,0,0,40,0,2,0,0,3,2,3,2,7,3,0,40,0,0,9,0,0,0,0,1,0,0,0
CARLOFORTE,8.149,39.065,0,0,0,0,0,0,0,0,0,0,0,0,170,0,0,49,0,0,0,0,0,0,2,0,5,9,10,0,0,0,0,0,0,0,0,0,0,0,0,0,0,0,1,0,1,0,0,0,0,0,0,0,0,0,0,0,0,0,0,0,0,0,0,1,0,0,0,0,0,0,0,0,0,0,0,0,0,0,0,26,0,0,0,0,0,0,0,0,7,0,3,0,0,0,0,0,0,0,2,0,0,0,0,12,4,4,13,25,4,0,42,0,0,12,0,0,0,0,2,0,0,0
CARLOFORTE,8.16,39.109,0,0,0,0,0,0,0,0,35,0,0,0,450,0,0,64,0,0,0,0,0,0,0,0,2,12,37,0,0,0,1,0,0,0,0,0,0,0,0,0,0,0,0,0,0,0,0,0,0,0,0,0,0,0,0,8,0,0,0,0,0,0,0,1,0,0,0,0,0,0,0,0,0,0,0,0,0,0,0,59,0,0,0,0,0,0,0,0,11,0,6,0,0,0,0,0,0,0,12,0,4,0,0,0,3,5,0,1,2,0,11,0,0,81,0,0,0,0,0,0,0,0
CARLOFORTE,8.185,39.113,0,0,0,0,0,0,0,0,0,0,0,0,440,0,0,89,0,0,0,0,0,0,6,0,0,6,16,0,0,0,0,0,0,0,0,0,0,0,0,0,0,0,0,0,0,0,0,0,0,0,0,4,0,0,0,0,0,0,0,0,0,0,0,0,0,0,0,0,0,0,0,0,0,0,0,0,0,0,0,29,0,0,0,0,0,0,0,0,12,0,9,0,0,0,0,0,0,0,0,0,2,0,0,4,3,2,59,4,7,0,109,0,0,0,0,0,0,0,2,0,0,0
CAVALLERIA,4.033,40.069,0,0,0,0,0,0,0,0,100,0,0,0,275,0,0,12,0,0,0,0,0,0,0,0,0,0,10,0,0,0,1,0,0,0,0,0,0,0,0,0,0,0,0,0,1,0,0,0,0,0,0,3,1,0,0,0,0,0,0,0,0,0,0,0,0,0,0,0,0,0,0,0,0,0,0,0,0,0,0,0,0,0,0,0,0,0,0,0,0,0,8,0,0,0,0,0,0,0,0,0,0,0,0,0,2,1,25,1,0,0,21,0,0,7,0,0,0,0,0,0,0,0
CAVALLERIA,4.08,40.091,0,0,0,0,0,0,0,0,0,0,0,0,95,0,0,21,0,0,0,0,0,0,0,0,0,3,11,0,0,0,3,0,0,0,0,0,0,0,0,0,0,0,1,0,0,0,0,0,0,0,0,0,0,0,0,0,0,0,0,0,0,0,0,0,0,0,0,0,0,0,0,0,0,0,0,0,0,0,0,0,0,0,0,0,0,0,0,0,0,0,4,0,0,0,0,0,0,0,0,0,0,0,0,0,0,0,15,1,0,0,20,0,0,17,0,0,0,0,0,0,0,0
CAVALLERIA,4.094,40.074,0,0,0,0,0,0,0,0,2,0,0,0,410,0,0,13,0,0,0,0,0,0,5,0,0,1,10,0,0,0,1,0,0,0,0,0,0,0,0,0,0,0,0,0,1,0,0,0,0,0,0,0,0,0,0,40,0,0,0,0,0,0,0,0,0,0,0,0,0,0,0,0,0,0,0,0,0,0,0,35,0,0,0,0,0,0,0,0,0,0,5,0,0,0,0,0,0,0,0,0,0,0,0,0,1,1,25,9,1,0,13,0,0,2,0,0,0,0,0,0,0,0
CAVALLERIA,4.096,40.085,0,0,0,0,0,0,0,0,0,0,0,0,400,0,0,17,0,0,0,0,0,0,0,0,0,16,30,0,0,0,1,0,0,0,0,0,0,0,0,0,0,0,2,0,0,0,0,0,0,0,0,0,0,0,0,95,0,0,0,0,0,0,0,0,0,0,0,0,0,0,0,0,0,0,0,0,0,0,0,6,0,0,0,0,0,0,0,0,0,0,2,0,0,0,0,0,0,1,0,0,1,0,0,0,4,1,6,4,0,0,14,0,0,0,0,0,0,0,0,0,0,0
CAVALLERIA,4.1,40.085,0,0,0,0,0,0,0,0,0,0,0,0,495,0,0,9,0,0,0,0,0,0,0,0,1,13,16,0,0,0,1,0,0,0,0,0,0,0,0,0,0,0,0,0,0,0,0,0,0,0,0,0,1,0,0,2,0,0,0,0,0,0,0,0,0,0,0,0,0,0,0,0,0,0,0,0,0,0,0,4,0,0,0,0,0,0,0,0,0,0,5,0,0,0,0,0,0,0,0,0,1,0,0,0,3,2,32,2,0,0,64,0,0,10,0,0,0,0,0,0,0,0
CAVALLERIA,4.125,40.059,0,0,0,0,0,0,0,0,0,0,0,0,260,0,0,32,0,0,0,0,0,0,0,0,1,1,5,0,0,0,0,0,0,0,0,0,0,0,0,0,0,0,0,0,0,0,0,0,0,0,0,0,0,0,0,20,0,0,0,0,0,0,0,0,0,0,0,0,0,0,0,0,0,0,0,0,0,0,0,4,0,0,0,0,0,0,0,5,3,0,3,0,0,0,0,0,0,0,0,0,0,0,0,0,0,0,5,1,0,0,8,0,0,1,0,0,0,0,0,0,0,0
Cret12,24.98816,35.41562,0,0,59,0,0,0,0,0,700,0,0,0,14789,0,0,136,0,0,0,0,0,0,9,0,0,48,74,0,0,2,0,0,0,2,0,0,1,1,0,0,0,0,0,0,0,0,0,0,0,0,0,10,1,0,0,0,0,0,0,3,0,0,0,0,0,0,0,0,0,0,0,0,0,0,0,0,0,0,0,0,0,0,0,1,0,0,0,3,48,0,5,6,127,77,0,0,0,0,301,0,3,0,0,0,5,0,0,0,0,0,5,0,0,131,0,0,0,0,0,0,0,0
Cret13,25.739887,35.231754,0,0,6,0,0,0,0,0,620,0,0,0,1291,0,0,38,0,0,0,0,0,0,0,0,4,22,129,0,0,1,0,0,0,0,0,0,3,0,0,0,0,0,0,0,0,0,0,0,0,0,0,2,0,0,0,425,0,0,0,0,0,0,0,0,0,0,0,0,0,0,0,0,0,0,0,0,0,0,0,2,0,0,0,2,0,0,0,9,1,0,9,30,192,77,0,0,0,0,68,0,0,0,0,0,0,0,0,0,0,0,1,0,0,163,0,0,0,0,0,0,0,0
Cret13,25.75831,35.251892,0,0,11,0,0,0,0,0,400,0,0,0,4582,0,0,96,0,0,0,0,0,0,2,0,0,19,74,0,0,3,0,0,0,4,0,0,0,0,0,0,0,0,0,0,0,0,0,0,0,0,0,0,0,0,0,382,0,0,0,0,0,0,0,5,0,0,0,0,0,0,0,0,0,0,0,0,0,0,0,2,0,0,0,0,0,0,0,0,2,0,5,16,152,42,0,0,0,2,53,0,10,0,0,0,1,0,0,0,0,0,0,0,0,129,8,0,0,0,0,0,0,0
Cret13,25.758577,35.251846,0,0,1,0,0,0,0,0,600,0,0,0,2040,0,0,94,0,0,0,0,0,0,0,0,1,64,85,0,0,2,1,0,0,0,0,0,0,0,0,0,0,0,0,0,0,0,0,0,0,0,0,3,1,0,0,60,0,0,0,0,0,0,0,5,0,0,0,0,0,0,0,0,0,0,0,0,2,0,0,49,0,0,0,1,0,0,0,5,1,0,11,88,186,72,0,0,0,1,101,0,2,0,0,0,0,0,0,0,0,0,0,0,0,229,0,0,0,0,0,0,0,0
Cret14,24.39293,35.17217,0,0,1,0,0,0,0,0,0,0,0,0,1283,0,0,46,0,0,0,0,0,0,0,0,0,2,44,0,0,2,0,0,0,0,0,0,1,0,0,0,0,0,0,0,0,0,0,0,0,0,0,1,0,0,0,0,0,0,0,0,0,0,0,0,0,0,0,0,0,0,0,0,0,0,0,0,8,0,1,0,0,0,0,2,0,0,0,0,8,0,4,42,0,75,0,0,0,0,410,0,0,0,0,0,1,0,0,0,0,0,0,0,0,57,0,0,0,0,0,0,0,0
Cret14,24.409021,35.17072,0,0,9,0,0,0,0,0,50,0,0,0,3635,0,0,33,0,0,0,0,0,0,0,0,0,9,118,0,0,3,1,0,1,1,0,0,1,0,0,0,0,0,0,0,0,0,0,0,0,0,0,7,1,0,0,2,0,0,0,0,0,0,0,3,0,0,0,0,0,0,0,0,0,0,0,0,2,0,0,0,0,0,0,2,0,0,0,0,13,0,3,104,10,62,0,0,0,0,50,0,1,0,0,0,2,0,0,0,0,0,1,0,0,68,0,0,0,0,0,0,0,0
Cret14,24.441713,35.154884,0,0,58,0,0,0,0,0,140,0,0,0,658,0,0,59,0,0,0,0,0,0,1,0,0,23,120,0,0,0,4,0,0,1,0,0,0,0,0,0,0,0,1,0,0,0,0,0,0,0,0,8,0,0,0,105,0,0,0,0,0,0,0,0,0,0,0,0,0,0,0,0,0,0,0,0,20,0,2,0,0,0,0,1,0,0,0,0,15,0,8,97,54,45,0,0,0,0,122,20,0,0,0,0,1,0,0,0,0,0,1,0,0,41,56,2,0,0,0,0,0,0
Cret16,24.355742,35.183475,0,0,8,0,0,0,0,0,0,0,0,0,1756,0,0,47,0,0,0,0,0,0,0,0,0,8,13,0,0,1,1,0,0,3,0,0,0,0,0,0,0,0,0,0,0,0,0,0,0,0,0,2,3,0,0,16,0,0,0,0,0,0,0,3,0,0,0,0,0,0,0,0,0,0,0,0,4,0,0,0,0,0,0,1,0,0,0,0,8,0,4,13,1,17,0,0,0,0,420,500,0,0,0,1,0,0,0,0,0,0,0,0,0,37,3,0,0,0,0,0,0,0
Cret16,24.392876,35.177162,0,0,4,0,0,0,0,0,725,0,0,0,750,0,0,35,0,0,0,0,0,0,1,0,0,10,67,0,0,2,0,0,0,0,0,0,0,0,0,0,0,0,0,0,0,0,0,0,0,0,0,10,0,0,0,16,0,0,0,1,0,0,0,1,0,0,0,0,0,0,0,0,0,0,0,0,2,0,0,7,0,0,0,2,0,0,0,2,10,0,3,46,17,18,0,0,0,0,146,37,0,0,0,1,5,0,0,0,0,0,4,0,0,20,0,0,0,0,0,0,0,0
Cret16,24.419214,35.166004,0,0,16,0,0,0,0,0,2300,0,0,0,1402,0,0,43,0,0,0,0,0,0,0,0,0,17,35,0,0,2,2,0,0,0,0,0,0,0,0,0,0,0,0,0,0,0,0,0,0,0,0,12,0,0,0,2,0,0,0,0,0,0,0,1,0,0,0,0,0,0,0,0,0,0,0,0,9,0,4,1,0,0,0,5,0,0,0,0,5,0,2,38,48,107,0,0,0,0,5,500,0,0,0,0,4,0,0,1,0,0,9,0,0,107,0,0,0,0,0,0,0,0
Cret18,24.580944,35.001724,0,0,16,0,0,0,0,0,3221,0,0,0,3763,0,0,60,0,0,0,0,0,0,3,0,0,1,0,0,0,6,1,0,0,1,0,0,0,0,0,0,0,0,0,0,0,0,0,0,0,0,0,1,3,0,0,117,0,0,0,0,0,0,0,2,0,0,0,0,0,0,0,0,0,0,0,0,2,0,0,0,0,0,0,10,0,0,0,0,31,0,0,39,67,95,0,0,0,0,721,0,0,0,0,0,2,0,0,0,0,0,0,0,0,94,0,0,0,0,1,0,0,0
Cret18,24.590063,35.008705,0,0,30,0,0,0,0,0,350,0,0,0,1942,0,0,88,0,0,0,0,0,0,0,0,0,3,8,0,0,7,0,0,0,6,0,0,0,0,0,0,0,0,0,0,0,0,0,0,0,0,0,3,0,0,0,51,0,0,0,0,0,0,0,2,0,0,0,0,0,0,0,0,0,0,1,0,0,0,0,0,0,0,0,9,0,0,0,0,27,0,2,61,11,93,0,0,0,0,100,300,1,0,0,0,3,0,0,0,0,0,0,0,0,87,0,0,0,0,0,0,0,0
Cret18,24.597233,35.00729,0,0,17,0,1000,0,0,0,1420,0,0,0,2455,0,0,48,0,0,0,0,0,0,11,0,0,3,33,0,0,6,11,0,0,9,3,0,0,0,0,0,0,0,0,0,0,0,0,0,0,0,0,9,2,0,0,352,0,0,0,0,0,0,0,0,0,0,0,0,0,0,0,0,0,0,0,0,0,0,0,0,0,0,0,6,0,0,2,0,14,0,11,60,71,67,0,0,0,1,40,1050,0,0,0,0,4,0,0,0,0,0,3,0,0,178,3,2,1,0,3,0,0,0
Cret19,25.731836,35.22478,0,0,1,0,1000,0,0,1,800,0,0,0,5478,0,0,104,0,0,0,0,0,0,0,0,0,100,151,0,0,19,6,0,0,9,0,1,0,0,0,0,0,0,0,0,0,0,0,0,0,0,0,3,0,0,0,299,0,0,0,0,0,0,0,0,0,0,0,0,0,0,0,0,0,0,0,0,0,0,0,0,0,0,0,2,0,0,0,0,1,0,14,18,508,50,0,0,0,2,60,0,0,1,0,0,2,0,0,0,0,0,2,0,0,169,15,0,0,0,0,0,0,0
Cret19,25.738451,35.230244,0,0,19,0,0,0,0,0,1119,0,0,0,3670,0,0,104,0,0,0,0,0,0,0,0,2,73,187,0,0,2,0,0,0,5,0,0,0,0,0,0,0,0,0,0,0,0,0,0,0,0,0,5,0,0,0,134,0,0,0,0,0,0,0,5,0,0,0,0,0,0,0,0,0,0,0,0,0,0,0,34,0,0,0,0,0,0,0,0,3,0,18,58,304,71,0,0,0,0,40,0,12,1,0,0,1,0,0,0,0,0,1,0,0,255,18,0,0,0,3,0,0,0
Cret19,25.758797,35.25428,0,0,41,0,0,0,0,0,800,0,0,0,1086,0,0,83,0,0,0,0,0,0,0,0,0,30,157,0,0,1,3,0,0,4,0,1,0,0,0,0,0,0,0,0,0,0,0,0,0,0,0,8,1,0,0,74,0,0,0,0,0,0,0,5,0,0,0,0,0,0,0,0,0,0,0,0,0,0,0,15,0,0,0,7,0,0,0,0,1,0,12,50,174,124,0,0,0,0,47,330,0,0,0,0,0,0,0,0,0,0,0,0,0,160,1,0,0,0,0,0,0,0
Cret20,25.019144,35.416767,0,0,40,0,0,0,0,0,0,0,0,0,10822,0,0,47,0,0,0,0,0,0,0,0,1,81,66,0,0,1,1,1,0,4,0,0,1,0,0,0,0,0,0,0,0,0,0,0,0,0,0,7,0,0,0,1100,0,0,0,0,0,0,0,2,0,0,0,0,0,0,0,0,0,0,0,0,0,0,0,9,0,0,0,3,0,0,0,0,13,0,10,43,27,85,1,0,0,1,0,0,0,0,0,0,9,0,0,0,0,0,0,0,0,131,0,0,0,0,1,0,0,0
Cret20,25.02150683,35.41495036,0,0,13,0,0,0,0,0,500,0,0,0,4816,0,0,60,0,0,0,0,0,0,10,0,0,51,81,0,0,0,0,0,0,5,0,0,2,0,0,0,0,0,0,0,0,0,0,0,0,0,0,3,0,0,0,4,0,0,1,0,0,0,0,2,0,0,0,0,0,0,0,0,0,0,0,0,1,0,0,0,0,0,0,2,0,0,0,2,15,0,5,6,117,41,0,0,0,0,1,0,9,0,0,0,8,0,1,0,1,0,0,0,0,66,0,0,0,0,0,0,0,0
Cret20,25.02178779,35.41471135,0,0,28,0,0,0,0,0,30,0,0,0,2408,0,0,65,0,0,0,7,0,0,6,0,0,55,27,0,0,0,0,0,0,2,0,0,3,0,0,0,0,0,0,0,0,0,0,0,0,0,0,26,0,0,0,20,0,0,0,29,0,0,0,2,0,0,0,0,0,0,0,0,0,0,0,0,0,0,0,1,0,0,0,7,0,0,0,0,14,0,5,23,73,39,0,0,0,0,60,0,9,0,0,2,4,0,0,0,1,0,4,0,0,55,0,0,0,0,0,0,0,0
Cret22,23.595228,35.232037,0,0,10,0,0,0,0,0,0,0,0,0,2786,0,0,89,0,0,0,0,0,0,0,0,0,0,6,0,0,4,0,17,0,3,0,2,4,0,0,0,0,0,0,0,0,0,0,0,0,0,0,25,0,0,0,22,0,0,0,5,0,0,0,8,0,0,0,0,0,0,0,0,0,0,0,0,1,0,0,0,0,0,0,5,0,2,0,0,20,0,6,39,78,46,0,0,0,0,0,0,0,0,0,0,4,0,0,0,0,0,0,0,0,171,0,0,0,0,0,0,0,0
Cret22,23.600225,35.232307,0,0,2,0,0,0,0,0,0,0,0,0,204,0,0,6,0,0,0,0,0,0,0,0,0,0,0,0,0,0,0,0,0,0,0,0,1,0,0,0,0,0,0,0,0,0,0,0,0,0,0,3,0,0,0,0,0,0,0,0,0,0,0,0,0,0,0,0,0,0,0,0,0,0,0,0,0,0,0,0,0,0,0,1,0,0,0,0,1,0,0,0,19,0,0,0,0,0,0,0,0,0,0,0,0,0,0,0,0,0,0,0,0,5,0,0,0,0,0,0,0,0
DRAGONERA,2.31,39.574,0,0,0,0,0,0,0,0,0,0,0,0,260,0,0,55,0,0,0,0,0,0,0,0,0,9,15,0,0,0,0,0,0,0,0,0,0,0,0,0,0,0,0,0,0,0,0,0,0,0,0,0,0,0,0,0,0,0,0,0,0,0,0,0,0,0,0,0,0,0,0,0,0,0,0,0,0,0,0,0,0,0,0,0,0,0,0,0,0,0,3,0,0,0,0,0,0,0,0,0,2,0,0,0,1,0,2,2,1,0,22,0,0,1,0,0,0,0,0,0,0,0
DRAGONERA,2.318,39.589,0,0,0,0,0,0,0,0,0,0,0,0,370,0,0,38,0,0,0,0,0,0,1,0,1,2,8,0,0,0,0,0,0,0,0,0,0,0,0,0,0,0,0,0,0,0,0,0,0,0,0,3,0,0,0,0,0,0,0,0,0,0,0,0,0,0,0,0,0,0,0,0,0,0,0,0,0,0,0,0,0,0,0,0,0,0,0,0,0,0,7,0,0,0,0,0,0,0,0,0,0,0,0,0,0,0,0,0,0,0,0,0,0,3,0,0,0,0,0,0,0,0
DRAGONERA,2.327,39.586,0,0,0,0,0,0,0,0,10,0,0,0,1200,0,0,74,0,0,0,0,0,0,3,0,0,6,6,0,0,0,0,0,0,0,0,0,0,0,0,0,0,0,1,0,0,0,0,0,0,0,0,0,0,0,0,5,0,0,0,0,0,0,0,0,0,0,0,0,0,0,0,0,0,0,0,0,0,0,0,18,0,0,0,0,0,0,0,0,1,0,6,0,0,0,0,0,0,0,0,0,4,0,0,0,2,3,79,6,2,0,34,0,0,1,0,0,0,0,0,0,0,0
DRAGONERA,2.337,39.599,0,0,0,0,0,0,0,0,0,0,0,0,500,0,0,65,0,0,0,0,0,0,0,0,0,2,11,0,0,0,0,0,0,0,0,0,0,0,0,0,0,0,0,0,0,0,0,0,0,0,0,0,0,0,0,0,0,0,0,0,0,0,0,0,0,0,0,0,0,0,0,0,0,0,0,0,0,0,0,0,0,0,0,0,0,0,0,0,2,0,3,0,0,0,0,0,0,0,0,0,0,0,0,0,3,0,0,0,0,0,4,0,0,2,0,0,0,0,0,0,0,0
DRAGONERA,2.349,39.563,0,0,0,0,0,0,0,0,0,0,0,0,230,0,0,115,0,0,0,0,0,0,4,0,0,5,16,0,0,0,0,0,0,0,0,0,0,0,0,0,0,0,2,0,0,0,0,0,0,0,0,0,0,0,0,0,0,0,0,0,0,0,0,0,0,0,0,0,0,0,0,0,0,0,0,0,0,0,0,4,0,0,0,0,0,0,0,0,1,0,7,0,0,0,0,0,0,0,0,0,0,0,0,1,8,0,1,0,1,0,27,0,0,3,0,0,0,0,0,0,0,0
DRAGONERA,2.361,39.61,0,0,0,0,0,0,0,0,300,0,0,0,315,0,0,64,0,0,0,0,0,0,2,0,0,8,5,0,0,0,0,0,0,0,0,0,0,0,0,0,0,0,1,0,2,0,0,0,0,0,0,0,0,0,0,0,0,0,0,0,0,0,0,0,0,0,0,0,0,0,0,0,0,0,0,0,0,0,0,10,0,0,0,0,0,0,0,0,0,0,15,0,0,0,0,0,0,0,3,0,2,0,0,0,4,0,27,4,1,0,19,0,0,4,0,0,0,0,0,0,0,0
EIVISSA,1.159,38.979,0,0,0,0,0,0,0,0,100,0,0,0,135,0,0,60,0,0,0,0,0,0,0,0,0,0,1,0,0,0,0,0,0,0,0,0,0,0,0,0,0,0,4,0,2,0,0,0,0,0,0,2,0,0,0,0,0,0,0,0,0,0,0,0,0,0,0,0,0,0,0,0,0,0,0,0,0,0,0,0,0,0,0,0,0,0,0,0,0,0,14,0,0,0,0,0,0,0,0,0,2,0,0,0,3,0,135,37,0,0,41,0,0,0,0,0,0,0,0,0,0,0
EIVISSA,1.166,38.969,0,0,0,0,0,0,0,0,0,0,0,0,730,0,0,72,0,0,0,0,0,0,2,0,0,1,3,0,0,0,0,0,0,0,0,0,0,0,0,0,0,0,0,0,1,0,0,0,0,0,0,0,0,0,0,0,0,0,0,0,0,0,0,0,0,0,0,0,0,1,0,0,0,0,0,0,0,0,0,0,0,0,0,0,0,0,0,0,0,0,5,0,0,0,0,0,0,0,0,0,0,0,0,0,8,1,98,5,0,0,39,0,0,8,0,0,0,0,0,0,0,0
EIVISSA,1.189,38.956,0,0,0,0,0,0,0,0,11,0,0,0,1000,0,0,57,0,0,0,0,0,0,3,0,0,9,17,0,0,0,0,0,0,0,0,0,0,0,0,0,0,0,1,0,0,0,0,0,0,0,0,0,0,0,0,1,0,0,0,0,0,0,0,0,0,0,0,0,0,0,0,0,0,0,0,0,0,0,0,11,0,0,0,0,0,0,0,0,0,0,16,0,0,0,0,0,0,1,0,0,7,0,0,0,7,1,235,11,0,0,26,0,0,9,0,0,0,0,0,0,0,0
EIVISSA,1.196,38.96,0,0,0,0,0,0,0,0,6,0,0,0,315,0,0,20,0,0,0,0,0,0,2,0,0,1,10,0,0,0,0,0,0,0,0,0,0,0,0,0,0,0,0,0,0,0,0,0,0,0,0,0,0,0,0,0,0,0,0,0,0,0,0,0,0,0,0,0,0,0,0,0,0,0,0,0,0,0,0,23,0,0,0,0,0,0,0,0,0,0,12,0,0,0,0,0,0,0,0,0,2,0,0,0,4,1,125,5,2,0,14,0,0,1,0,0,0,0,0,0,0,0
EIVISSA,1.207,38.988,0,0,0,0,0,0,0,0,0,0,0,0,305,0,0,30,0,0,0,0,0,0,5,0,0,9,2,0,0,0,1,0,0,0,0,0,0,0,0,0,0,0,3,0,0,0,0,0,0,0,0,0,0,0,0,65,0,0,0,0,0,0,0,0,0,0,0,0,0,0,0,0,0,0,0,0,0,0,0,10,0,0,0,0,0,0,0,0,0,0,16,0,0,0,0,0,0,7,0,0,0,0,0,0,4,0,146,27,3,0,21,0,0,2,0,0,0,0,0,0,0,0
EIVISSA,1.215,38.989,0,0,0,0,0,0,0,0,45,0,0,0,145,0,0,26,0,0,0,0,0,0,13,0,0,6,12,0,0,0,0,0,0,0,0,0,0,0,0,0,0,0,0,0,1,0,0,0,0,0,0,0,0,0,0,0,0,0,0,0,0,0,0,0,0,0,0,0,0,0,0,0,0,0,0,0,0,0,0,16,0,0,0,0,0,0,0,1,0,0,17,0,0,0,0,0,0,0,0,0,1,0,0,0,7,1,102,6,4,0,26,0,0,1,0,0,0,0,0,0,0,0
FETHIYE,29.028,36.596,0,0,0,0,0,0,0,0,0,0,0,0,40,0,0,1,0,0,0,0,0,0,0,0,0,1,13,0,0,0,0,0,0,0,0,0,0,0,0,0,0,0,0,0,0,0,0,0,0,0,0,0,0,0,0,0,0,0,0,0,0,0,0,0,0,0,0,0,0,0,0,0,0,0,0,0,0,0,0,0,0,0,0,0,0,0,0,0,0,0,0,43,26,13,0,0,0,0,0,2,0,0,0,0,0,0,0,0,0,0,0,0,0,72,0,0,0,0,0,0,0,0
FETHIYE,29.029,36.604,0,0,0,0,0,0,0,0,0,0,0,0,220,0,0,16,0,0,0,0,0,0,0,0,0,13,30,0,0,0,1,0,0,0,0,0,0,0,0,0,0,0,0,0,0,0,0,0,0,0,0,0,0,0,0,0,0,0,0,0,0,0,0,0,0,0,0,0,0,0,0,0,0,0,0,0,0,0,2,0,0,0,0,0,0,0,0,0,0,0,1,2,101,22,0,0,0,0,0,3,0,0,0,0,2,0,0,0,0,0,0,0,0,16,0,0,0,0,1,0,0,0
FETHIYE,29.031,36.557,0,0,0,0,0,0,0,0,0,0,0,0,375,0,0,2,0,0,0,0,0,0,0,0,0,0,0,0,0,0,0,2,0,0,0,0,0,0,0,0,0,0,0,0,0,0,0,0,0,0,0,1,0,0,0,0,0,0,0,0,0,0,0,0,0,0,0,0,0,0,0,0,0,0,0,0,0,0,0,0,0,0,0,0,0,0,0,0,0,0,0,2,4,0,0,0,0,0,0,0,0,0,0,0,0,0,0,0,0,0,0,0,0,14,0,0,0,0,0,0,0,0
FETHIYE,29.034,36.578,0,0,0,0,0,0,0,0,0,0,0,0,0,0,0,120,0,0,0,0,0,0,0,0,0,0,0,0,0,0,0,0,0,0,0,0,0,0,0,0,0,0,0,0,0,0,0,0,0,0,0,0,0,0,0,0,0,0,0,0,0,0,0,0,0,0,0,0,0,0,0,0,0,0,0,3,0,0,0,0,0,0,0,0,0,0,0,0,3,0,0,0,1,3,0,0,0,0,0,0,0,0,0,0,0,0,0,0,0,0,0,0,0,5,0,0,0,0,0,0,0,0
FETHIYE,29.042,36.619,0,0,0,0,0,0,0,0,0,0,0,0,2,0,0,18,0,0,0,0,0,0,0,0,0,1,1,0,0,0,0,3,0,0,0,0,1,0,0,0,0,0,0,0,0,0,0,0,0,0,0,0,0,0,0,0,0,0,0,0,0,0,0,0,0,0,0,0,0,0,0,0,0,0,0,0,0,0,0,0,0,0,0,0,0,0,0,0,0,0,0,2,1,2,0,0,0,0,0,0,0,0,0,0,1,0,0,0,0,0,0,0,0,4,0,0,0,0,0,0,0,0
FETHIYE,29.063,36.618,0,0,0,0,0,0,0,0,300,0,0,0,101,0,0,3,0,0,0,0,0,0,0,0,0,8,19,0,0,0,1,0,0,0,0,0,0,0,0,0,0,0,0,0,0,0,0,0,0,0,0,0,0,0,0,0,0,0,0,0,0,0,0,0,0,0,0,0,0,0,0,0,0,0,0,0,0,0,0,0,0,0,0,0,0,0,0,0,0,0,1,0,65,8,0,0,0,0,0,75,0,0,0,0,1,0,0,0,0,0,0,0,0,21,0,0,0,0,0,0,0,0
FORMENTERA,1.479,38.803,0,0,0,0,0,0,0,0,0,0,0,0,145,0,0,45,0,0,0,0,0,0,4,0,1,1,16,0,0,0,2,0,0,0,0,0,0,0,0,0,0,0,4,0,0,0,0,0,0,0,0,0,1,0,0,0,0,0,0,0,0,0,0,0,0,0,0,0,0,0,0,0,0,0,0,0,0,0,0,0,0,0,0,0,0,0,0,0,0,0,8,0,0,0,0,0,0,0,0,0,0,0,0,0,6,0,201,10,6,0,52,0,0,17,0,0,0,0,0,0,0,0
FORMENTERA,1.479,38.804,0,0,0,0,0,0,0,0,0,0,0,1,210,0,0,37,0,0,0,1,0,0,3,0,2,3,45,0,0,1,1,0,0,0,0,0,0,0,0,0,0,0,4,0,4,0,0,0,0,0,0,0,0,0,0,85,0,0,0,0,0,0,0,0,0,0,0,0,0,0,0,0,0,0,0,0,0,0,0,0,0,0,3,0,0,0,1,0,0,0,7,0,0,0,0,0,0,5,2,0,25,0,0,0,2,0,112,4,1,0,13,0,0,1,0,0,0,0,0,0,0,0
FORMENTERA,1.48,38.796,0,0,0,0,0,0,0,0,0,0,0,1,330,0,0,13,0,0,0,1,0,0,2,0,0,7,14,0,0,0,1,0,0,0,0,0,0,0,0,0,0,0,3,0,0,0,0,0,0,0,0,0,1,0,0,6,0,0,0,0,0,0,0,0,0,0,0,0,0,0,0,0,0,0,0,0,0,0,0,0,0,0,1,0,0,0,0,0,0,0,13,0,0,0,0,0,0,0,0,0,3,0,0,0,5,1,57,2,1,0,20,0,0,3,0,0,0,0,0,0,0,0
FORMENTERA,1.481,38.788,0,0,0,0,0,0,0,0,0,0,0,0,235,0,0,33,0,0,0,0,0,0,5,0,4,5,21,0,0,0,5,0,0,0,0,0,0,0,0,0,0,0,4,0,2,0,0,0,0,0,0,2,0,0,0,17,0,0,0,0,0,0,0,0,0,0,0,0,0,0,0,0,0,0,0,0,0,0,0,0,0,0,8,0,0,0,0,0,0,0,11,0,0,0,0,0,0,0,0,0,13,0,0,1,1,2,165,8,1,0,27,0,0,7,0,0,0,0,0,0,0,0
FORMENTERA,1.481,38.799,0,0,0,0,0,0,0,0,0,0,0,0,650,0,0,15,0,0,0,0,0,0,0,0,1,3,31,0,0,0,1,0,0,0,0,0,0,0,0,0,0,0,4,0,2,0,0,0,0,0,0,0,0,0,0,4,0,0,0,0,0,0,0,0,0,0,0,0,0,0,0,0,0,0,0,0,0,0,0,19,0,0,0,0,0,0,0,0,0,0,13,0,0,0,0,0,0,0,0,0,9,0,0,1,1,1,66,3,10,0,17,0,0,3,0,0,0,0,0,0,0,0
FORMENTERA,1.485,38.787,0,0,0,0,0,0,0,0,0,0,0,0,185,0,0,64,0,0,0,0,0,0,0,0,2,0,0,0,0,0,0,0,0,0,0,0,0,0,0,0,0,0,2,0,0,0,0,0,0,0,0,0,0,0,0,0,0,0,0,0,0,0,0,0,0,0,0,0,0,0,0,0,0,0,0,0,0,0,0,5,0,0,0,0,0,0,0,0,0,0,27,0,0,0,0,0,0,3,0,0,1,0,0,0,10,0,139,3,0,0,6,0,0,60,0,0,0,0,0,0,0,0
FORMENTOR,3.135,39.946,0,0,0,0,0,0,0,0,0,0,0,0,270,0,0,92,0,0,0,0,0,0,0,0,0,1,1,0,0,0,0,0,0,0,0,0,0,0,0,0,0,0,0,0,0,0,0,0,0,0,0,0,2,0,0,0,0,0,0,0,0,0,0,0,0,0,0,0,0,0,0,0,0,0,0,0,0,0,0,0,0,0,0,0,0,0,0,0,3,0,8,0,0,0,0,0,0,0,0,0,0,0,0,0,0,0,6,7,0,0,17,0,0,1,0,0,0,0,0,0,0,0
FORMENTOR,3.16,39.956,0,0,0,0,0,0,0,0,0,0,0,0,130,0,0,12,0,0,0,2,0,0,0,0,0,2,11,0,0,0,0,0,0,0,0,0,0,0,0,0,0,0,0,0,0,0,0,0,0,0,0,3,0,0,0,6,0,0,0,0,0,0,0,0,0,0,0,0,0,0,0,0,0,0,0,0,0,0,0,0,0,0,0,0,0,0,0,0,3,0,0,0,0,0,0,0,0,0,0,0,0,0,0,0,0,0,1,1,0,0,0,0,0,0,0,0,0,0,0,0,0,0
FORMENTOR,3.172,39.959,0,0,0,0,0,0,0,0,40,0,0,0,50,0,0,31,0,0,0,0,0,0,2,0,0,8,23,0,0,0,0,0,0,0,0,0,0,0,0,0,0,0,0,0,0,0,0,0,0,0,0,3,0,0,0,1,0,0,0,0,0,0,0,0,0,0,0,0,0,0,0,0,0,0,0,0,0,0,0,7,0,0,0,0,0,0,0,0,0,0,11,0,0,0,0,0,0,0,0,0,1,0,0,0,2,1,32,2,0,0,10,0,0,3,0,0,0,0,0,0,0,0
FORMENTOR,3.192,39.956,0,0,0,0,0,0,0,0,0,0,0,0,345,0,0,35,0,0,0,0,0,0,0,0,1,5,17,0,0,0,2,0,0,0,0,0,0,0,0,0,0,0,0,0,1,0,0,0,0,0,0,0,0,0,0,0,0,0,0,0,0,0,0,0,0,0,0,0,0,0,0,0,0,0,0,0,0,0,0,0,0,0,0,0,0,0,0,0,3,0,6,0,0,0,0,0,0,0,0,0,0,0,0,0,2,1,18,5,0,0,3,0,0,5,0,0,0,0,0,0,0,0
FORMENTOR,3.198,39.943,0,0,0,0,0,0,0,0,0,0,0,0,365,0,0,39,0,0,0,0,0,0,2,0,0,4,19,0,0,0,0,0,0,0,0,0,0,0,0,0,0,0,0,0,0,0,0,0,0,0,0,0,0,0,0,0,0,0,0,0,0,0,0,0,0,0,0,0,0,0,0,0,0,0,0,0,0,0,0,1,0,0,0,0,0,0,0,0,0,0,5,0,0,0,0,0,0,0,0,0,0,0,0,0,1,1,10,3,0,0,21,0,0,10,0,0,0,0,0,0,0,0
Gdor,34.86692,32.41672,0,0,0,0,0,0,0,0,200,42,0,0,533,0,0,42,0,0,7,0,0,0,13,71,0,1809,1317,2,0,3,27,38,0,28,0,0,0,0,0,0,0,0,0,0,0,0,0,10,0,38,0,10,0,54,0,1065,0,0,0,0,0,4,0,1,0,0,1,57,110,0,0,0,0,0,0,0,0,0,56,0,0,0,0,0,0,0,0,1,4,0,0,151,23443,0,8,0,0,0,0,0,0,0,0,0,0,0,0,2,0,0,4,0,0,2569,0,0,0,0,2,1,0,0
GENOVA,9.053,44.378,0,0,2,0,0,0,0,0,0,0,0,0,180,0,0,30,0,0,0,1,0,0,6,0,3,23,17,0,0,0,0,0,0,0,0,0,0,0,0,0,0,0,2,0,0,0,0,0,0,0,0,1,0,0,0,100,0,0,0,0,0,0,0,0,0,0,0,0,0,0,0,0,0,0,0,0,0,0,0,28,0,0,0,0,0,1,0,0,3,0,6,0,0,0,0,0,0,0,0,0,12,0,1,3,5,2,5,3,9,0,18,0,0,2,0,0,0,0,0,0,0,0
GENOVA,9.077,44.375,0,0,2,0,0,0,0,0,2,0,0,0,160,0,0,42,0,0,0,0,0,0,9,0,0,18,11,0,0,0,0,0,0,0,0,0,1,0,0,0,0,0,2,0,0,0,0,0,10,0,0,5,1,0,0,0,0,0,0,0,0,0,0,0,0,0,0,0,0,0,0,0,0,0,0,0,0,0,0,10,0,0,0,0,0,1,0,1,4,0,5,0,0,0,0,0,0,0,5,0,4,0,0,0,1,3,22,5,2,0,23,0,0,0,0,0,0,0,0,0,0,0
GENOVA,9.092,44.371,0,0,10,0,0,0,0,0,0,0,0,0,270,0,0,30,0,0,0,0,0,0,2,0,0,3,3,0,0,0,0,0,0,0,0,0,0,0,0,0,0,0,1,0,0,0,0,0,0,0,0,0,0,0,0,0,0,0,0,0,0,0,0,0,0,0,0,0,0,0,0,0,0,0,0,0,0,0,0,20,0,0,0,0,1,0,0,0,3,0,3,0,0,0,0,0,0,0,7,0,1,0,0,2,2,2,7,5,1,0,20,0,0,0,0,0,0,0,1,0,0,0
GENOVA,9.107,44.367,0,0,2,0,0,0,0,0,7,0,0,0,110,0,0,32,0,0,0,0,0,0,6,0,0,25,7,0,0,0,0,0,0,0,0,0,0,0,0,0,0,0,0,0,0,0,0,0,0,0,0,2,0,0,0,34,0,0,0,0,0,0,0,0,0,0,0,0,0,0,0,0,0,0,0,0,0,0,0,5,0,0,0,0,0,0,0,0,7,0,5,0,0,0,0,0,0,0,0,0,0,0,0,0,2,3,1,3,1,0,17,0,0,0,0,0,0,0,1,0,0,0
GENOVA,9.126,44.362,0,0,0,0,0,0,0,0,5,0,0,0,97,0,0,37,0,0,0,0,0,0,5,0,1,8,5,0,0,0,0,0,0,1,0,0,0,0,0,0,0,0,0,0,0,0,0,0,0,0,0,1,0,0,0,1,0,0,0,0,0,0,0,0,0,0,0,0,0,0,0,0,0,0,0,0,0,0,0,7,0,0,0,0,0,0,0,0,8,0,5,0,0,0,0,0,0,0,10,0,0,0,2,0,1,0,1,2,0,0,10,0,0,0,0,0,0,0,0,0,0,0
GENOVA,9.131,44.36,0,0,2,0,0,0,0,0,5,0,0,0,440,0,0,32,0,0,0,0,0,0,4,0,0,1,0,0,0,0,0,0,0,0,0,0,0,0,0,0,0,0,1,0,0,0,0,0,0,0,0,0,0,0,0,0,0,0,0,0,0,0,0,0,0,0,0,0,0,0,0,0,0,0,0,0,0,0,0,0,0,0,0,0,0,1,0,0,4,0,5,0,0,0,0,0,0,0,0,0,0,0,0,2,2,0,4,1,0,0,6,0,0,0,0,0,0,0,0,0,0,0
GOKOVA,28.055,37.024,0,0,1,0,0,0,0,0,0,0,0,0,223,0,0,17,0,0,1,0,0,0,0,0,0,0,13,0,0,3,1,0,0,0,0,0,0,1,0,0,0,0,0,0,0,0,0,0,0,0,0,0,0,0,0,0,0,0,0,0,0,0,0,0,0,0,0,0,0,0,0,0,0,0,0,0,0,0,0,0,0,0,0,2,0,0,0,0,7,0,4,0,0,1,0,0,0,0,0,0,0,0,0,0,0,0,0,0,0,0,2,0,0,16,0,0,0,0,0,0,0,0
GOKOVA,28.079,37.021,0,0,11,0,0,0,0,0,0,0,0,0,253,0,0,33,0,0,0,0,0,0,0,0,0,0,2,0,0,0,0,0,0,0,0,0,0,0,0,0,0,0,0,0,0,0,0,0,0,0,0,0,0,0,0,0,0,0,0,0,0,0,0,0,0,0,0,0,0,0,0,0,0,0,0,0,0,0,0,0,0,0,0,0,0,0,0,0,17,0,12,0,0,0,0,0,0,0,0,0,0,0,0,1,0,0,0,0,0,0,0,0,0,28,0,0,0,0,0,0,0,0
GOKOVA,28.108,37.013,0,0,1,0,0,0,0,0,0,0,0,0,128,0,0,23,0,0,0,0,0,0,0,0,0,0,8,0,0,0,0,0,0,0,0,0,0,2,2,0,0,0,0,0,0,0,0,0,0,0,0,0,0,0,0,0,0,0,0,0,0,0,0,0,0,0,0,0,0,0,0,0,0,0,0,0,0,0,0,0,0,0,0,0,0,0,0,0,3,0,5,7,0,3,0,0,0,0,0,0,0,0,0,3,2,0,0,0,0,0,1,0,0,11,0,0,0,0,0,0,0,0
GOKOVA,28.114,37.022,0,0,2,0,0,0,0,0,0,0,0,0,78,0,0,29,0,0,0,0,0,0,0,0,0,0,8,0,0,1,0,0,0,0,0,0,0,0,6,0,0,0,0,0,0,0,0,0,0,0,0,0,0,0,0,0,0,0,0,0,0,0,0,0,0,0,0,0,0,0,0,0,0,0,0,0,0,0,2,0,0,0,0,0,0,0,0,0,4,0,8,0,4,0,0,0,0,0,0,0,0,0,0,0,1,0,0,0,0,0,0,0,0,22,0,0,0,0,0,0,0,0
GOKOVA,28.137,37.031,0,0,1,50,0,0,0,0,0,0,0,0,121,0,0,26,0,0,0,0,0,0,0,0,0,3,10,0,0,3,0,0,0,0,0,0,0,1,3,0,0,0,0,0,0,0,0,0,0,0,0,0,0,0,0,0,0,0,0,0,0,0,0,0,0,0,0,0,0,0,0,0,0,0,0,0,0,0,0,0,0,0,0,0,0,0,0,0,7,0,1,0,0,3,1,0,0,0,0,0,0,0,0,0,0,0,0,0,0,0,0,0,0,30,0,0,0,0,0,0,0,0
GOKOVA,28.161,37.029,0,0,8,0,0,0,0,0,0,0,0,0,116,0,0,19,0,0,0,0,0,0,0,0,0,1,21,0,0,3,0,0,0,0,0,0,0,1,1,0,0,0,0,0,0,0,0,0,0,0,0,0,0,0,0,0,0,0,0,0,0,0,0,0,0,0,0,0,0,0,0,0,0,0,0,0,0,0,1,0,0,0,0,1,0,0,0,0,10,0,1,0,0,0,0,0,0,0,0,0,0,0,0,0,0,0,0,0,0,0,0,0,0,39,0,0,0,0,0,0,0,0
GYAROS,24.65,37.605,0,0,0,0,0,0,0,0,0,0,0,0,60,0,0,23,0,0,0,0,0,0,1,0,0,0,12,0,1,0,0,0,0,0,0,0,0,0,0,0,0,0,1,0,0,0,0,0,0,0,0,1,0,0,0,3,0,0,0,0,0,0,0,0,0,0,0,0,0,0,0,0,0,0,0,0,0,0,0,26,0,0,0,1,0,0,0,0,12,0,1,0,0,0,0,0,0,0,0,0,2,0,0,0,1,0,0,0,0,0,1,0,0,28,0,0,0,0,0,0,0,0
GYAROS,24.674,37.6,0,0,0,0,0,0,0,0,0,0,0,0,335,0,0,18,0,0,0,0,0,0,4,0,0,0,3,0,0,0,0,0,0,0,0,0,0,0,0,0,0,0,0,0,0,0,0,0,0,0,0,0,0,0,0,0,0,0,0,0,0,0,0,0,0,0,0,0,0,0,0,0,0,0,0,0,0,0,0,12,0,0,0,0,0,0,0,0,1,0,1,0,0,0,0,0,0,0,0,0,2,0,0,0,1,0,0,0,0,0,2,0,0,42,0,0,0,0,0,0,0,0
GYAROS,24.68,37.609,0,0,0,0,0,0,0,0,0,0,0,0,850,0,0,5,0,0,0,0,0,0,1,0,0,0,29,0,0,2,1,0,0,0,0,0,0,0,0,0,0,0,0,0,0,0,0,0,0,0,0,0,1,0,0,0,0,0,0,0,0,0,0,0,0,0,0,0,0,0,0,0,0,0,0,0,0,0,0,4,0,0,0,0,0,0,0,0,5,0,3,0,0,0,0,0,0,0,0,0,0,0,0,0,1,0,0,0,0,0,3,0,0,32,0,0,0,0,0,0,0,0
GYAROS,24.705,37.629,0,0,0,0,0,0,0,0,0,0,0,0,630,0,0,11,0,0,0,0,0,0,0,0,0,0,6,0,0,1,0,0,0,0,0,0,0,0,0,0,0,0,0,0,0,0,0,0,0,0,0,0,0,0,0,5,0,0,0,0,0,0,0,0,0,0,0,0,0,0,0,0,0,0,0,0,0,0,0,0,0,0,0,0,0,0,0,0,1,0,0,0,0,0,0,0,0,0,0,0,0,0,0,0,0,0,0,0,0,0,1,0,0,46,0,0,0,0,0,0,0,0
GYAROS,24.739,37.633,0,0,0,10,0,0,0,0,0,0,0,0,440,0,0,17,0,0,0,0,0,0,3,0,0,3,6,0,0,1,2,0,0,0,0,0,0,0,0,0,0,0,0,0,0,0,0,0,0,0,0,1,0,0,0,0,0,0,0,0,0,0,0,0,0,0,0,0,0,0,0,0,0,0,0,0,0,0,0,4,0,0,0,0,0,0,0,0,5,0,0,0,0,1,0,0,0,0,0,1,1,0,0,0,0,0,0,0,0,0,1,0,0,30,0,0,0,0,0,0,0,0
GYAROS,24.752,37.583,0,0,0,0,0,0,0,0,0,0,0,0,300,0,0,9,0,0,0,0,0,0,0,0,0,2,10,0,0,0,0,0,0,0,0,0,0,0,0,0,0,0,0,0,0,0,0,0,0,0,0,1,0,0,0,0,0,0,0,0,0,0,0,0,0,0,0,0,0,0,0,0,0,0,0,0,0,0,0,18,0,0,0,0,0,0,0,0,1,0,0,0,0,0,0,0,0,0,0,0,0,0,0,0,1,0,0,0,0,0,4,0,0,99,0,0,0,0,0,0,0,0
Habonim,34.91514,32.61921,0,0,0,6080,0,0,0,0,262,38,0,0,126,0,0,1,0,0,0,0,0,0,21,19,0,4589,275,2,0,0,16,1,0,16,0,0,0,0,0,0,0,0,0,0,0,0,0,121,0,91,0,5,0,22,0,627,0,0,0,0,0,0,0,0,0,0,2,42,128,0,112,0,0,0,8,0,0,8,47,0,0,0,0,4,0,1,0,0,2,0,2,152,14158,1,18,1,0,0,1,0,0,0,0,0,0,0,0,0,0,0,17,0,0,2926,0,0,0,0,0,0,0,0
ILLA DE L'AIRE,4.22,39.822,0,0,0,0,0,0,0,0,0,0,0,0,750,0,0,33,0,0,0,0,0,0,2,0,0,0,14,0,0,0,0,0,0,0,0,0,0,0,0,0,0,0,1,0,0,0,0,0,0,0,0,0,0,0,0,0,0,0,0,0,0,0,0,0,0,0,0,0,0,0,0,0,0,0,0,0,0,0,0,0,0,0,0,0,0,0,0,0,4,0,5,0,0,0,0,0,0,0,0,0,0,0,0,0,0,1,0,2,0,0,20,0,0,5,0,0,0,0,0,0,0,0
ILLA DE L'AIRE,4.227,39.821,0,0,0,0,0,0,0,0,0,0,0,0,310,0,0,40,0,0,0,0,0,0,4,0,2,2,17,0,0,0,0,0,0,0,0,0,0,0,0,0,0,0,0,0,1,0,0,0,0,0,0,1,0,0,0,0,0,0,0,0,0,0,0,0,0,0,0,0,0,0,0,0,0,0,0,0,0,0,0,4,0,0,0,0,0,0,0,0,1,0,2,0,0,0,0,0,0,0,0,0,0,0,0,0,1,0,7,3,0,0,44,0,0,0,0,0,0,0,0,0,0,0
ILLA DE L'AIRE,4.238,39.814,0,0,0,0,0,0,0,0,0,0,0,0,190,0,0,23,0,0,0,0,0,0,2,0,1,9,14,0,0,0,0,0,0,0,0,0,0,0,0,0,0,0,0,0,0,0,0,0,0,0,0,0,0,0,0,2,0,0,0,0,0,0,0,0,0,0,0,0,0,0,0,0,0,0,0,0,0,0,0,4,0,0,0,0,0,0,0,0,1,0,0,0,0,0,0,0,0,0,0,0,0,0,0,0,0,0,1,1,0,0,24,0,0,3,0,0,0,0,0,0,0,0
ILLA DE L'AIRE,4.282,39.801,0,0,0,0,0,0,0,0,0,0,0,0,165,0,0,12,0,0,0,0,0,0,0,0,2,1,5,0,0,0,0,0,0,0,0,0,0,0,0,0,0,0,1,0,0,0,0,0,0,0,0,0,0,0,0,0,0,0,0,0,0,0,0,0,0,0,0,0,0,0,0,0,0,0,0,0,0,0,0,10,0,0,0,0,0,0,0,0,1,0,2,0,0,0,0,0,0,0,0,0,0,0,0,0,0,0,0,0,0,0,9,0,0,22,0,0,0,0,0,0,0,0
ILLA DE L'AIRE,4.288,39.8,0,0,0,0,0,0,0,0,0,0,0,0,280,0,0,32,0,0,0,0,0,0,0,0,0,7,10,0,0,0,0,0,0,0,0,0,0,0,0,0,0,0,0,0,0,0,0,0,0,0,0,1,1,0,0,0,0,0,0,0,0,0,0,0,0,0,0,0,0,0,0,0,0,0,0,0,0,0,0,11,0,0,0,0,0,0,0,0,1,0,1,0,0,0,0,0,0,0,0,0,0,0,0,0,2,0,0,0,0,0,14,0,0,26,0,0,0,0,0,0,0,0
ILLA DE L'AIRE,4.295,39.803,0,0,0,0,0,0,0,0,0,0,0,0,700,0,0,17,0,0,0,0,0,0,0,0,2,2,45,0,0,0,0,0,0,0,0,0,0,0,0,0,0,0,0,0,0,0,0,0,0,0,0,0,0,0,0,4,0,0,0,0,0,0,0,0,0,0,0,0,0,0,0,0,0,0,0,0,0,0,0,6,0,0,0,0,0,0,0,0,0,0,2,0,0,0,0,0,0,0,0,0,0,0,0,0,0,0,1,0,0,0,11,0,0,43,0,0,0,0,0,0,0,0
KARPATHOS,26.823,35.875,0,5,1,0,0,0,0,0,0,0,0,0,415,0,0,13,0,0,0,0,0,0,0,0,0,4,5,0,0,0,0,0,0,0,0,0,0,0,0,0,0,0,0,0,0,0,0,0,0,0,0,0,0,0,0,3,0,0,0,0,0,0,0,0,0,0,0,0,0,0,0,0,0,0,0,0,0,0,0,1,0,0,0,2,0,0,0,0,3,0,1,18,0,20,0,0,0,0,0,0,0,0,0,0,2,0,0,0,0,0,10,0,0,23,0,0,0,0,0,0,0,0
KARPATHOS,26.823,35.879,0,0,2,0,0,0,0,0,0,0,0,0,255,0,0,26,0,0,0,0,0,0,0,0,0,0,2,0,0,0,1,0,0,0,0,0,0,0,0,0,0,0,0,0,1,0,0,0,0,0,0,0,0,0,0,0,0,0,0,0,0,0,0,0,0,0,0,0,0,0,0,0,0,0,0,0,0,0,0,0,0,0,0,3,0,0,0,0,5,0,0,28,0,23,0,0,0,0,0,0,0,0,0,0,5,0,0,0,0,0,9,0,0,43,0,0,0,0,0,0,0,0
KARPATHOS,27.207,35.828,0,0,0,0,0,0,0,0,0,0,0,0,305,0,0,17,0,0,0,0,0,0,0,0,0,2,6,0,0,0,1,0,0,0,0,0,0,0,0,0,0,0,0,0,0,0,0,0,0,0,0,0,0,0,0,52,0,0,0,0,0,0,0,0,0,0,0,0,0,0,0,0,0,0,0,0,0,0,0,0,0,0,0,2,0,0,0,0,7,0,0,11,0,33,0,0,0,0,0,51,0,0,0,0,7,0,0,0,0,0,1,0,0,48,0,0,0,0,0,0,0,0
KARPATHOS,27.236,35.868,0,0,0,0,0,0,0,0,0,0,0,0,210,0,0,29,0,0,1,0,0,0,0,0,0,1,1,0,0,0,0,0,0,0,0,0,0,0,0,0,0,0,1,0,0,0,0,0,0,0,0,0,0,0,0,1,0,0,0,0,0,0,0,0,0,0,0,0,0,0,0,0,0,0,0,0,0,0,0,15,0,0,0,0,0,0,0,0,4,0,0,39,0,15,0,0,0,0,0,0,0,0,0,1,1,0,0,0,0,0,2,0,0,22,0,0,0,0,0,0,0,0
KARPATHOS,27.238,35.861,0,0,0,0,0,0,0,0,32,0,0,0,115,0,0,17,0,0,0,0,0,0,0,0,0,0,1,0,0,0,0,0,0,0,0,0,0,0,0,0,0,0,0,0,0,0,0,0,0,0,0,1,0,0,0,11,0,0,0,0,0,0,0,0,0,0,0,0,0,0,0,0,0,0,0,0,0,0,0,0,0,0,0,0,0,0,0,0,1,0,0,58,0,20,0,0,0,0,1,0,0,0,0,0,1,0,0,0,0,0,1,0,0,38,0,0,0,0,0,0,0,0
KARPATHOS,27.239,35.83,0,0,0,0,0,0,0,0,155,0,0,0,160,0,0,9,0,0,1,0,0,0,0,0,0,2,12,0,0,0,0,0,0,0,0,0,0,0,0,0,0,0,0,0,0,0,0,0,0,0,0,0,0,0,0,0,0,0,0,0,0,0,0,0,0,0,0,0,0,0,0,0,0,0,0,0,0,0,0,0,0,0,0,2,0,0,0,0,1,0,2,13,0,1,0,0,0,0,0,20,0,0,0,0,4,0,0,0,1,0,6,0,0,10,0,0,0,0,0,0,0,0
KAS,29.605,36.188,0,0,0,0,0,0,0,0,0,0,0,0,27,0,0,16,0,0,0,0,0,0,0,0,0,0,2,0,0,0,0,0,0,0,0,0,0,0,0,0,0,0,0,0,0,0,0,0,0,0,0,0,0,0,0,0,0,0,0,0,0,0,0,0,0,0,0,0,0,0,0,0,0,0,0,0,0,0,0,0,0,0,0,0,0,0,0,0,0,0,1,5,21,56,0,0,0,0,0,0,0,0,0,0,4,0,0,0,0,0,2,0,0,11,0,0,0,0,0,0,0,0
KAS,29.617,36.151,0,0,0,0,0,0,0,0,0,0,0,0,285,0,0,22,0,0,0,0,0,0,0,0,0,0,0,0,0,0,0,0,0,0,0,0,0,0,0,0,0,0,0,0,0,0,0,0,0,0,0,0,0,0,0,0,0,0,0,0,0,0,0,0,0,0,0,0,0,0,0,0,0,0,0,0,0,0,0,0,0,0,0,0,0,0,0,0,0,0,1,15,21,11,0,0,0,0,0,0,0,0,0,0,7,0,0,0,0,0,0,0,0,24,0,0,0,0,0,0,0,0
KAS,29.629,36.163,0,0,0,400,0,0,0,0,0,0,0,0,220,0,0,16,0,0,0,0,0,0,0,0,0,0,0,0,0,0,0,0,0,0,0,0,0,0,0,0,0,0,0,0,0,0,0,0,0,0,0,0,0,0,0,0,0,0,0,0,0,0,0,0,0,0,0,0,0,0,0,0,0,0,0,0,0,0,0,0,0,0,0,0,0,0,0,0,0,0,3,17,1,12,0,0,0,0,0,0,0,0,0,0,7,0,0,0,0,0,1,0,0,14,0,0,0,0,0,0,0,0
KAS,29.63,36.152,0,0,0,0,0,0,0,0,0,0,0,0,140,0,0,16,0,0,0,0,0,0,0,0,0,0,20,0,0,0,0,1,0,0,0,0,1,0,0,0,0,0,0,0,0,0,0,0,0,0,0,0,0,0,0,12,0,0,0,0,0,0,0,0,0,0,0,0,0,0,0,0,0,0,0,0,0,0,0,0,0,0,0,0,0,0,0,0,0,0,0,7,17,19,0,0,0,0,3,0,0,0,0,0,1,0,0,0,0,0,0,0,0,28,0,0,0,0,0,0,0,0
KAS,29.639,36.182,0,0,0,0,0,0,0,0,0,0,0,0,85,0,0,2,0,0,0,0,0,0,0,0,0,0,15,0,0,0,0,0,0,0,0,0,0,0,0,0,0,0,0,0,0,0,0,0,0,0,0,1,0,0,0,0,0,0,0,0,0,0,0,0,0,0,0,0,0,0,0,0,0,0,0,0,0,0,0,0,0,0,0,0,0,0,0,0,0,0,2,27,0,16,0,0,0,0,0,0,0,0,0,0,1,0,0,0,0,0,1,0,0,9,0,0,0,0,0,0,0,0
KAS,29.662,36.141,0,0,0,0,0,0,0,0,0,0,0,0,251,0,0,63,0,0,0,0,0,0,0,0,0,0,0,0,0,0,0,0,0,0,0,0,0,0,0,0,0,0,0,0,0,0,0,0,0,0,0,0,0,0,0,0,0,0,0,0,0,0,0,0,0,0,0,0,0,0,0,0,0,0,0,0,0,0,0,0,0,0,0,0,0,0,0,0,0,0,1,29,0,14,0,0,0,0,0,0,0,0,0,0,0,0,0,0,0,0,0,0,0,87,0,0,0,0,0,0,0,0
KIMOLOS,24.547,36.707,0,0,0,0,0,0,0,0,10,0,0,0,320,0,0,21,0,0,0,0,0,0,0,0,0,0,7,0,0,1,1,0,0,0,0,0,0,0,0,0,0,0,0,0,0,0,0,0,0,0,0,2,0,0,0,0,0,0,0,0,0,0,0,0,0,0,0,0,0,0,0,0,0,0,0,0,0,0,0,0,0,0,0,1,0,0,0,0,8,0,7,0,0,5,0,0,0,0,0,0,0,0,0,0,7,0,6,1,1,0,27,0,0,28,0,0,0,0,0,0,0,0
KIMOLOS,24.548,36.755,0,0,0,0,0,0,0,0,0,0,0,0,137,0,0,29,0,0,0,0,0,0,11,0,1,4,6,0,0,1,0,0,0,0,0,0,0,0,0,0,0,0,1,0,0,0,0,0,0,0,0,2,0,0,0,1,0,0,0,0,0,0,0,0,0,0,0,0,0,0,0,0,0,0,0,0,0,0,0,0,0,0,1,0,0,0,0,0,7,0,1,0,0,0,0,0,0,0,0,0,0,0,0,2,0,2,17,4,0,0,4,0,0,19,0,0,0,0,0,0,0,0
KIMOLOS,24.615,36.754,0,0,23,0,0,0,0,0,0,0,0,0,260,0,0,45,0,0,0,0,0,0,0,0,0,4,3,0,0,0,0,0,0,0,0,1,1,0,0,0,0,0,1,0,1,0,0,0,0,0,0,0,0,0,0,2,0,0,0,0,0,0,0,0,0,0,0,0,0,0,0,0,0,0,0,0,0,0,0,3,0,0,0,0,0,0,0,0,5,0,2,0,0,0,0,0,0,0,0,0,0,0,0,3,5,0,2,0,2,0,15,0,0,40,0,0,0,0,0,0,0,0
KIMOLOS,24.634,36.744,0,0,2,0,0,0,0,0,0,0,0,0,110,0,0,39,0,0,0,0,0,0,0,0,0,0,9,0,0,0,1,0,0,0,0,0,0,0,0,0,0,0,0,0,0,0,0,0,0,0,0,3,0,0,0,5,0,0,0,0,0,0,0,0,0,0,0,0,0,0,0,0,0,0,0,0,0,0,0,3,0,0,0,0,0,0,0,0,4,0,1,0,0,1,0,0,0,0,0,0,0,0,0,0,1,4,4,1,1,0,5,0,0,42,0,0,0,0,0,0,0,0
KIMOLOS,24.658,36.748,0,0,13,0,0,0,0,0,0,0,0,0,90,0,0,14,0,0,0,0,0,0,0,0,0,0,20,0,0,1,0,0,0,0,0,0,0,0,0,0,0,0,0,0,0,0,0,0,0,0,0,2,0,0,0,13,0,0,0,0,0,0,0,0,0,0,0,0,0,0,0,0,0,0,0,0,0,0,0,29,0,0,0,4,0,0,0,0,6,0,1,0,0,0,0,0,0,0,0,0,0,0,0,1,1,1,0,0,0,0,12,0,0,50,0,0,0,0,0,0,0,0
KIMOLOS,24.667,36.751,0,0,5,0,0,0,0,0,0,0,0,0,195,0,0,24,0,0,0,0,0,0,0,0,0,0,9,0,0,0,0,0,0,0,0,0,0,0,0,0,0,0,0,0,0,0,0,0,0,0,0,0,0,0,0,11,0,0,0,0,0,0,0,0,0,0,0,0,0,0,0,0,0,0,0,0,0,0,0,0,0,0,0,0,0,0,0,0,1,0,2,1,0,1,0,0,0,0,0,0,0,0,0,0,0,2,0,0,0,0,8,0,0,37,0,0,0,0,0,0,0,0
Kornati,15.28649,43.81202,0,0,0,0,0,0,0,0,0,0,0,0,0,0,0,0,0,0,0,0,0,0,0,0,0,0,0,0,0,0,0,0,0,0,0,0,0,0,0,0,0,0,0,0,0,0,0,0,0,0,0,0,0,0,0,0,0,0,0,0,0,0,0,0,0,0,0,0,0,0,0,0,0,0,0,0,0,0,0,0,0,0,0,0,0,0,0,0,0,0,0,0,0,0,0,0,0,0,0,0,0,0,0,0,0,0,0,0,0,0,0,0,0,0,0,0,0,0,0,0,0,0
Kornati,15.31747,43.76959,0,0,0,1500,0,0,0,0,0,0,0,0,3998,0,0,162,0,0,0,0,0,3,1,0,3,7,76,0,0,0,4,0,0,0,0,0,0,0,0,0,0,0,0,0,0,0,0,0,0,0,0,2,2,0,0,1,0,0,0,0,0,0,0,0,0,0,0,0,0,0,0,0,0,0,0,0,0,0,0,141,0,0,0,3,0,0,0,0,0,0,21,0,0,0,0,0,0,0,0,0,4,0,0,0,0,0,0,0,0,0,42,0,0,66,0,0,0,0,0,0,0,0
Kornati,15.37992,43.73887,0,0,11,0,0,0,0,0,0,0,0,0,530,0,0,116,0,0,0,0,0,0,0,0,5,0,111,0,0,0,2,0,0,0,0,0,0,0,0,0,0,0,0,0,0,0,0,0,0,0,0,4,2,0,0,0,0,0,0,0,0,0,0,5,0,0,0,0,0,0,0,0,0,0,0,0,0,0,0,30,0,0,0,0,0,0,0,0,2,0,27,0,0,0,0,0,0,0,0,0,5,0,1,1,3,2,0,0,1,0,15,0,0,3,0,0,0,0,0,0,0,0
Kornati,15.38608,43.73489,0,0,0,0,0,0,0,0,0,0,0,0,438,0,0,115,0,0,0,0,0,0,10,0,4,7,52,0,0,0,0,0,0,0,0,0,0,0,0,0,0,0,0,0,0,0,0,0,0,0,0,2,0,0,0,45,0,0,0,0,0,0,0,1,0,0,0,0,0,1,0,0,0,0,0,0,0,0,0,74,0,0,0,0,0,0,0,0,1,0,14,0,0,0,0,0,0,0,0,0,0,0,0,0,2,1,0,0,3,0,15,0,0,17,0,0,0,0,0,0,0,0
Kornati,15.44273,43.69547,0,0,0,1000,0,0,0,0,1383,0,0,0,10000,0,0,177,0,0,0,0,0,0,7,0,1,0,181,0,0,0,0,0,0,0,0,0,0,0,0,0,0,0,0,0,0,0,0,0,0,0,0,4,0,0,0,400,0,0,0,0,0,0,0,1,0,0,0,0,0,0,0,0,0,0,0,0,0,0,0,0,0,0,0,0,0,0,0,0,6,0,11,0,0,3,0,0,0,0,0,0,14,0,0,2,10,3,0,0,0,0,55,0,0,22,0,0,0,0,0,0,0,0
Kornati,15.46749,43.91093,0,0,0,0,0,0,0,0,0,0,0,0,1275,0,0,45,0,0,0,0,0,0,2,0,3,0,11,0,0,0,0,0,0,0,0,0,0,0,0,0,0,0,0,0,0,0,0,0,0,0,0,0,0,0,0,7,0,0,0,0,0,0,0,0,0,0,0,0,0,0,0,0,0,0,0,0,0,0,0,11,0,0,0,0,0,0,0,0,0,0,5,0,0,0,0,0,0,0,258,0,0,0,1,1,1,1,0,0,0,0,9,0,0,0,0,0,0,0,0,0,0,0
Kornati,15.47282,43.88942,0,0,0,0,0,0,0,0,1526,0,0,0,644,0,0,102,0,0,0,1,0,0,7,0,1,1,106,0,0,0,0,0,0,1,0,0,0,0,0,0,0,0,0,0,0,0,0,0,0,0,0,0,0,0,0,0,0,0,0,0,0,0,0,0,0,0,0,0,0,0,0,0,0,0,0,0,0,0,0,15,0,0,0,0,0,0,0,0,0,0,9,0,0,0,0,0,0,0,0,1000,7,0,0,0,5,1,0,0,1,0,41,0,0,0,0,0,0,0,0,0,0,0
Kornati,15.48009,43.85231,0,0,0,0,0,0,0,0,0,0,0,0,573,0,0,38,0,0,0,0,0,0,0,0,1,1,42,0,0,0,0,0,0,0,0,0,0,0,0,0,0,0,0,0,0,0,0,0,0,0,0,0,0,0,0,0,0,0,0,0,0,0,0,0,0,0,0,0,0,0,0,0,0,0,0,0,0,0,0,0,0,0,0,0,0,0,0,0,0,0,0,0,0,0,0,0,0,0,0,0,0,0,0,0,0,0,0,0,0,0,3,0,0,0,0,0,0,0,0,0,0,0
Kornati,15.55584,43.68998,0,0,0,2100,0,0,0,0,0,0,0,0,620,0,0,219,0,0,0,0,0,0,6,0,0,6,14,0,0,0,0,0,0,0,0,0,0,0,0,0,0,0,0,0,0,0,0,0,0,0,0,2,0,0,0,291,0,0,0,0,0,0,0,1,0,0,0,0,0,0,0,0,0,0,0,0,0,0,0,0,0,0,0,0,0,0,0,0,1,0,6,0,0,0,0,0,0,0,0,1,3,0,0,2,2,0,0,0,3,0,3,0,0,0,0,0,0,0,0,0,0,0
Kornati,15.56358,43.66942,0,0,8,1,0,0,0,0,1001,0,0,0,4809,0,0,137,0,0,0,0,0,0,3,0,5,1,36,0,0,0,0,0,0,0,0,0,0,0,0,0,0,0,0,0,0,0,0,0,0,0,0,5,0,0,0,568,0,0,0,0,0,0,0,0,0,0,0,0,0,0,0,0,0,0,0,0,0,0,0,69,0,0,0,0,0,0,0,0,9,0,8,0,0,0,0,0,0,0,4,0,4,0,0,2,10,14,2,0,2,0,24,0,0,10,0,0,0,0,0,0,0,0
Kornati,15.62079,43.77509,0,0,0,0,0,0,0,0,3,0,0,0,4651,0,0,34,0,0,0,2,0,0,3,0,2,0,58,0,0,0,0,0,0,0,0,0,0,0,0,0,0,0,0,0,0,0,0,0,0,0,0,1,0,0,0,0,0,0,0,0,0,0,0,0,0,0,0,0,0,0,0,0,0,0,0,0,0,0,0,50,0,0,0,0,0,0,0,0,0,0,10,0,0,0,1,0,0,0,0,0,0,0,0,0,10,3,0,0,0,0,12,0,0,0,0,0,0,0,0,0,0,0
Lampedusa,12.604,35.526,0,0,129,1950,0,0,3,0,1402,6,0,0,5985,0,0,364,0,3,0,0,0,0,19,0,1,37,281,0,0,0,4,2,0,34,0,0,0,0,0,0,0,0,2,0,2,0,0,0,0,0,0,13,1,0,0,148,204,0,0,0,0,0,0,0,0,0,0,0,0,0,0,0,0,0,0,0,0,0,0,336,0,0,1,20,0,0,2,31,12,0,14,0,0,342,3,0,0,0,0,0,42,0,0,0,10,1,117,41,10,0,58,0,0,280,0,0,0,0,24,11,7,0
Lampedusa,12.633,35.501,0,0,133,449,0,0,0,0,540,44,0,0,4683,0,0,352,0,2,0,0,1,0,15,0,2,7,103,0,0,0,6,0,0,1,0,0,0,0,0,0,0,0,4,0,0,0,0,0,0,0,0,10,5,0,0,37,54,0,0,0,0,0,1,0,0,0,0,0,0,0,0,0,0,0,0,0,0,0,0,298,0,0,0,17,0,6,2,0,2,0,28,0,0,225,0,0,2,0,0,0,18,0,1,0,6,3,41,34,3,0,87,0,0,264,0,0,0,0,13,21,3,0
Linosa,12.87981,35.87009,0,0,21,42,0,0,0,0,2,12,0,0,1560,0,0,45,0,0,0,60,0,0,21,0,0,7,17,0,0,1,26,0,0,8,0,3,0,0,0,0,0,0,0,0,5,0,0,0,0,0,0,12,0,0,0,27,5,0,0,0,0,0,0,0,0,0,0,0,0,0,0,0,0,0,0,0,0,0,0,227,0,0,0,0,0,8,1,0,12,0,22,3,0,329,0,0,0,0,0,0,1,0,0,0,19,0,0,177,1,0,240,0,0,709,0,33,0,0,6,0,1,0
Linosa,12.879812,35.870092,0,0,1,2,0,0,0,0,0,0,0,0,100,0,0,9,0,0,0,0,0,0,2,0,0,0,1,0,0,0,4,0,0,2,0,0,0,0,0,0,0,0,0,0,0,0,0,0,0,0,0,1,0,0,0,1,4,0,0,0,0,0,0,0,1,0,0,0,0,0,0,0,0,0,0,0,0,0,0,5,0,0,0,0,0,1,0,0,2,0,0,0,0,19,0,0,0,0,0,0,0,0,0,0,1,0,0,25,0,0,25,0,0,147,0,0,0,0,1,0,0,0
Malta,14.324,35.943,0,0,135,210,0,0,0,0,1776,0,0,0,4085,0,0,190,0,0,0,0,0,0,14,0,0,28,20,0,0,0,2,0,0,3,0,1,0,0,0,0,0,0,7,0,9,0,0,0,0,6,0,8,0,0,0,42,34,0,0,0,4,4,0,1,1,0,0,0,0,0,0,0,0,0,0,0,0,0,0,79,8,0,0,13,0,0,0,0,4,0,41,9,0,95,0,0,0,40,0,0,8,0,0,8,25,5,95,62,16,0,133,0,0,117,0,0,0,0,17,22,27,0
Malta,14.515,35.906,0,0,214,492,0,0,0,0,566,41,0,0,7247,0,0,436,0,0,0,1,0,0,22,0,1,65,35,0,0,0,8,0,0,26,0,2,0,0,0,0,0,0,11,0,7,0,0,0,0,3,0,17,6,0,0,377,203,0,0,0,3,0,1,5,1,0,0,0,0,0,0,0,0,0,0,0,0,0,0,59,6,0,0,11,0,2,1,9,3,0,67,0,0,122,0,0,0,1,0,0,28,0,1,18,39,1,2340,148,33,0,115,0,0,175,0,0,0,0,9,8,21,0
MARATEA,15.65,40.038,0,0,2,0,0,0,0,0,0,0,0,0,100,0,0,34,0,0,0,0,0,0,0,0,0,0,5,0,0,0,0,0,0,0,0,0,0,0,0,0,0,0,0,0,0,0,0,0,0,0,0,1,0,0,0,0,0,0,0,0,0,0,0,0,0,0,0,0,0,0,0,0,0,0,0,0,0,0,0,25,0,0,0,0,0,0,0,0,3,0,5,0,0,0,0,0,0,0,0,2,1,0,0,3,1,0,5,1,2,0,13,0,0,5,0,0,0,0,0,0,0,0
MARATEA,15.66,40.038,0,0,10,0,0,0,0,0,0,0,0,0,91,0,0,23,0,0,0,0,0,0,0,0,0,4,2,0,0,0,1,0,0,0,0,0,0,0,0,0,0,0,0,0,0,0,0,0,0,0,0,2,0,0,0,18,0,0,0,0,0,0,0,0,0,0,0,0,0,0,0,0,0,0,0,0,0,0,0,10,0,0,0,0,0,0,0,0,1,0,4,0,0,0,0,0,0,0,0,0,2,0,0,0,0,0,7,4,1,0,11,0,0,14,0,0,0,0,0,0,0,0
MARATEA,15.674,40.017,0,0,2,0,0,0,0,0,0,0,0,0,80,0,0,36,0,0,0,0,0,0,2,0,0,2,3,0,0,0,0,0,0,1,0,0,0,0,0,0,0,0,0,0,0,0,0,0,0,0,0,0,0,0,0,0,0,0,0,0,0,0,0,0,0,0,0,0,0,0,0,0,0,0,0,0,0,0,0,12,0,0,0,0,0,0,0,0,3,0,8,0,0,0,0,0,0,0,0,0,1,0,0,1,1,0,8,1,1,0,17,0,0,21,0,0,0,0,0,0,0,0
MARATEA,15.699,39.991,0,0,0,0,0,0,0,0,0,0,0,0,100,0,0,26,0,0,0,0,0,0,1,0,0,4,8,0,0,0,0,0,0,0,0,0,0,0,0,0,0,0,0,0,0,0,0,0,0,0,0,0,0,0,0,17,0,0,0,0,0,0,0,0,0,0,0,0,0,0,0,0,0,0,0,0,0,0,0,100,0,0,0,0,0,1,0,0,1,0,17,0,0,0,0,0,0,0,0,30,1,0,0,2,0,0,7,2,1,0,4,0,0,9,0,0,0,0,0,0,0,0
MARATEA,15.732,39.943,0,0,1,0,0,0,0,0,0,0,0,0,116,0,0,13,0,0,0,0,0,0,2,0,0,1,7,0,0,0,0,0,0,0,0,0,0,0,0,0,0,0,0,0,0,0,0,0,0,0,0,4,0,0,0,2,0,0,0,0,0,0,0,0,0,0,0,0,0,0,0,0,0,0,0,0,0,0,0,29,0,0,0,0,0,0,0,0,3,0,5,0,0,0,0,0,0,0,21,0,0,0,0,2,0,0,4,1,0,0,7,0,0,66,0,0,0,0,0,0,0,0
MARATEA,15.743,39.932,0,0,3,0,0,0,0,0,0,0,0,0,81,0,0,24,0,0,0,0,0,0,4,0,0,0,9,0,0,0,0,0,0,0,0,0,0,0,0,0,0,0,0,0,0,0,0,0,0,0,0,4,0,0,0,3,0,0,0,0,0,0,0,0,0,0,0,0,0,0,0,0,0,0,0,0,0,0,0,21,0,0,0,0,0,0,0,0,2,0,2,0,0,1,0,0,0,0,0,0,0,0,0,0,3,0,0,0,1,0,3,0,0,69,0,0,0,0,0,0,0,0
Marettimo,12.08078,37.98362,0,122,75,0,0,0,0,0,2024,13,0,0,24394,1000,0,444,0,0,0,0,0,0,21,0,9,15,120,0,0,2,5,0,0,0,0,0,0,0,0,0,0,1,1,0,0,0,0,0,0,0,0,16,0,1,1,340,0,0,0,0,0,0,0,0,0,0,0,0,0,0,0,0,0,0,0,0,0,80,0,1011,0,0,3,3,0,0,0,0,5,0,65,0,0,48,0,0,0,70,2673,1068,29,0,12,0,33,6,37,64,14,2,121,0,0,920,0,0,0,200,0,0,0,0
MEDES,3.22,42.049,0,0,0,0,0,0,0,0,0,0,0,1,520,0,0,43,0,0,0,0,2,0,0,2,0,33,12,0,0,0,1,0,0,0,0,0,0,0,0,0,0,0,0,0,1,0,0,0,0,0,0,6,0,0,0,10,0,0,0,0,0,0,0,0,0,0,0,0,0,0,0,0,0,0,0,0,0,0,0,20,0,0,10,0,0,0,1,0,3,0,0,0,0,0,0,0,0,0,82,0,0,0,0,0,3,2,22,0,0,0,11,0,0,0,0,0,0,0,0,0,0,0
MEDES,3.223,42.049,0,0,0,0,0,0,0,0,300,0,0,0,502,0,0,93,0,0,0,0,0,0,0,0,2,42,43,0,0,0,2,0,0,0,0,0,0,0,0,0,0,0,0,0,0,0,0,0,0,0,0,0,0,0,0,0,0,0,0,0,0,0,0,0,0,0,0,0,0,0,0,0,0,0,0,0,0,0,0,10,0,0,0,0,0,0,0,0,7,0,5,0,0,0,1,0,0,0,0,0,1,0,0,0,8,5,28,1,0,0,3,0,0,0,0,0,0,0,0,0,0,0
MEDES,3.225,42.042,0,0,0,0,0,0,0,0,0,0,0,0,104,0,0,66,0,0,0,0,0,0,0,0,1,10,9,0,0,0,0,0,0,0,0,0,0,0,0,0,0,0,1,0,0,0,0,0,0,0,0,0,0,0,0,0,0,0,0,0,0,0,0,0,0,0,0,0,0,0,0,0,0,0,0,0,0,0,0,0,0,0,0,0,0,0,2,0,5,0,2,0,0,0,0,0,0,0,0,0,0,0,0,0,5,4,13,7,0,0,21,0,0,0,0,0,0,0,0,0,0,0
MEDES,3.225,42.043,0,0,0,0,0,0,0,0,100,0,0,0,812,0,0,128,0,0,0,1,1,0,0,0,1,25,23,0,0,0,4,0,0,0,0,0,0,0,0,0,0,0,1,0,0,0,0,0,0,0,0,0,0,0,0,0,0,0,0,0,0,0,0,0,0,0,0,0,0,0,0,0,0,0,0,0,0,0,0,55,0,0,0,0,0,0,0,0,9,0,1,0,0,0,0,0,0,0,0,0,5,0,0,1,1,8,17,0,0,0,9,0,0,0,0,0,0,0,0,0,0,0
MEDES,3.225,42.044,0,0,0,0,0,0,0,0,200,0,0,8,103,0,0,51,1,0,0,0,5,0,0,2,0,61,14,0,0,0,2,0,0,0,0,0,0,0,0,0,0,0,0,1,1,0,0,0,0,0,0,1,0,0,0,0,0,0,0,0,0,0,0,0,0,0,0,0,0,0,0,0,0,0,0,0,0,0,0,3,0,0,0,0,0,0,0,0,6,0,0,0,0,0,0,0,0,1,10,0,1,0,0,4,7,10,30,0,0,0,6,0,0,0,0,0,0,0,0,0,0,0
MEDES,3.227,42.041,0,0,0,0,0,0,0,0,0,0,0,0,55,0,0,55,0,0,0,0,0,0,0,1,0,18,10,0,0,0,2,0,0,0,0,0,0,0,0,0,0,0,0,0,0,0,0,0,0,0,0,4,0,0,0,0,0,0,0,0,0,0,0,0,0,0,0,0,0,0,0,0,0,0,0,0,0,0,0,20,0,0,3,0,0,0,0,0,10,0,0,0,0,0,0,0,0,0,0,0,0,0,0,2,5,1,0,0,0,0,5,0,0,0,0,0,0,0,0,0,0,0
Miljet,17.32148,42.78445,0,0,55,0,0,0,0,0,0,0,0,0,1303,0,0,104,0,0,0,0,0,0,73,0,9,0,58,0,0,0,1,0,0,0,0,0,0,0,0,0,0,0,0,0,0,0,0,0,0,0,0,3,0,0,0,0,0,0,0,0,0,0,0,0,0,0,0,0,0,0,0,0,0,0,0,0,0,0,0,39,0,0,0,0,0,0,0,0,0,0,13,0,0,1,3,0,0,0,0,0,2,0,0,11,5,4,0,0,0,0,19,0,0,76,0,0,0,0,0,0,0,0
Miljet,17.33153,42.77223,0,20,7,150,0,0,0,0,0,0,0,0,916,0,0,63,0,0,0,0,0,0,1,0,3,1,9,0,0,0,0,0,0,0,0,0,0,0,0,0,0,0,0,0,0,0,0,0,0,2,0,4,0,0,0,25,0,0,0,0,0,0,0,0,0,0,0,0,0,1,0,0,0,0,0,0,0,0,0,134,0,0,0,0,0,0,0,0,1,0,10,0,0,1,2,0,0,0,0,0,3,0,0,0,6,2,0,0,5,0,5,0,0,56,0,0,0,0,0,0,0,0
Miljet,17.34708,42.76898,0,0,5,0,0,0,0,0,2,0,0,0,2380,3,0,88,0,0,0,0,0,0,8,0,13,0,63,0,0,0,0,0,0,0,0,0,0,0,0,0,0,0,0,0,0,0,0,0,0,0,0,1,0,0,0,107,0,0,0,0,0,0,0,0,0,0,0,0,0,0,0,0,0,0,0,0,0,0,0,131,0,0,0,0,0,0,1,0,2,0,7,0,0,8,1,0,0,0,0,0,7,0,0,9,5,3,0,0,1,0,5,0,0,156,0,0,0,0,0,0,0,0
Miljet,17.35969,42.80703,0,0,16,1500,0,0,0,0,2,0,0,0,4880,0,0,78,0,0,0,0,0,0,9,0,0,2,146,0,0,0,1,0,0,0,0,0,0,0,0,0,0,0,0,0,0,0,0,0,0,0,0,0,0,0,0,139,0,0,0,0,0,0,0,1,0,0,0,0,0,0,0,0,0,0,0,0,0,0,0,72,0,0,0,0,0,0,0,1,1,0,7,0,0,0,0,0,0,0,150,0,27,0,0,4,4,1,0,0,2,0,8,0,0,73,0,0,0,0,0,0,0,0
Miljet,17.4111,42.79487,0,180,7,0,0,0,0,0,160,0,0,0,1620,0,0,98,0,0,0,0,0,0,3,0,17,1,26,0,0,0,0,0,0,0,0,0,0,0,0,0,0,0,0,0,0,0,0,0,0,0,0,0,0,0,0,15,0,0,0,0,0,0,0,0,0,0,0,0,0,0,0,0,0,0,0,0,0,0,0,121,0,0,0,0,0,0,0,0,2,0,10,0,0,0,0,0,0,0,0,0,2,0,0,4,3,0,0,0,1,0,6,0,0,33,0,0,0,0,0,0,0,0
Miljet,17.4219,42.79141,0,0,3,0,0,0,0,0,0,0,0,0,6350,0,0,87,0,0,0,0,0,0,30,0,4,20,25,0,0,0,0,0,0,0,0,0,0,0,0,0,0,0,0,1,0,0,0,0,0,0,0,14,0,0,0,43,0,0,0,0,0,0,0,0,0,0,0,0,0,0,0,0,0,0,0,0,0,0,0,0,0,0,0,0,0,0,0,0,0,0,9,0,0,0,0,0,0,0,0,0,4,0,0,17,6,4,0,0,0,0,11,0,0,26,0,0,0,0,0,0,0,0
Miljet,17.43478,42.78709,0,0,0,0,0,0,0,0,306,0,0,0,85,0,0,18,0,0,0,0,0,0,0,0,0,0,2,0,0,0,0,0,0,0,0,0,0,0,0,0,0,0,0,0,0,0,0,0,0,0,0,0,0,0,0,59,0,0,0,0,0,0,0,0,0,0,0,0,0,0,0,0,0,0,0,0,0,0,0,41,0,0,0,0,0,0,0,0,0,0,3,0,0,0,0,0,0,0,0,0,0,0,0,4,1,1,0,0,1,0,3,0,0,1,0,0,0,0,0,0,0,0
Miljet,17.46511,42.77649,0,0,9,300,0,0,0,0,0,0,0,0,1605,0,0,142,0,0,0,0,0,0,11,0,0,1,15,0,0,0,0,0,0,0,0,0,0,0,0,0,0,0,0,0,0,0,0,0,0,0,0,2,0,0,0,180,0,0,0,0,0,0,0,0,0,0,0,0,0,0,0,0,0,0,0,0,0,0,0,60,0,0,0,0,0,0,0,3,5,0,14,0,0,0,0,0,0,0,0,0,1,0,0,10,3,2,0,0,4,0,10,0,0,6,0,0,0,0,0,0,0,0
Miljet,17.62165,42.73979,0,0,11,300,0,0,0,0,3,0,0,0,2080,0,0,133,0,0,0,0,0,0,16,0,0,1,12,0,0,0,1,0,0,0,0,0,0,0,0,0,0,0,0,0,0,0,0,0,0,0,0,8,1,0,0,0,0,0,0,0,0,0,0,0,0,0,0,0,0,0,0,0,0,0,0,0,0,0,0,98,0,0,0,0,0,0,0,0,4,0,7,0,0,0,0,0,0,0,10,500,3,0,0,6,2,1,0,0,1,0,5,0,0,0,0,0,0,0,0,0,0,0
Miljet,17.74525,42.7034,0,0,61,0,0,0,0,0,0,0,0,0,7640,0,0,141,0,0,0,0,0,0,8,0,3,5,75,0,0,0,0,0,0,0,0,0,0,0,0,0,0,0,0,0,0,0,0,0,0,0,0,0,0,0,0,4,0,0,0,0,0,0,0,0,0,0,0,0,0,0,0,0,0,0,0,0,0,0,0,48,0,0,0,0,0,0,0,0,0,0,20,0,0,2,0,0,0,0,0,0,9,0,0,6,8,5,0,0,4,0,11,0,0,45,0,0,0,0,0,0,0,0
MONTGRI,3.186,42.1,0,0,0,0,0,0,0,0,0,0,0,0,670,0,0,14,0,0,0,0,0,0,0,0,0,6,10,0,0,0,0,0,0,0,0,0,0,0,0,0,0,0,1,0,1,0,0,0,0,0,0,0,0,0,0,0,0,0,0,0,0,0,0,0,0,0,0,0,0,0,0,0,0,0,0,0,0,0,0,0,0,0,0,0,0,0,0,0,1,0,3,0,0,0,0,0,0,0,0,0,6,0,0,0,0,0,7,1,0,0,0,0,0,0,0,0,0,0,0,0,0,0
MONTGRI,3.189,42.096,0,0,0,0,0,0,0,0,0,0,0,0,570,0,0,9,0,0,0,0,0,0,0,0,0,4,3,0,0,0,0,0,0,0,0,0,0,0,0,0,0,0,0,0,0,0,0,0,0,0,0,0,0,0,0,0,0,0,0,1,0,0,0,0,0,0,0,0,0,0,0,0,0,0,0,0,0,0,0,0,0,0,0,0,0,0,0,0,3,0,2,0,0,0,0,0,0,0,0,0,0,0,0,0,4,0,19,0,0,0,3,0,0,0,0,0,0,0,0,0,0,0
MONTGRI,3.195,42.087,0,0,0,0,0,0,0,0,0,0,0,0,1135,0,0,25,1,0,0,0,0,0,1,0,0,23,9,0,0,0,0,0,0,0,0,0,0,0,0,0,0,0,2,0,0,0,0,0,0,0,0,11,0,0,0,52,0,0,0,0,0,0,0,0,0,0,0,0,0,0,0,0,0,0,0,0,0,0,0,9,0,0,0,0,0,0,0,0,4,0,2,0,0,0,0,0,0,0,0,0,0,0,0,0,0,0,21,1,1,0,5,0,0,0,0,0,0,0,0,0,0,0
MONTGRI,3.197,42.085,0,0,0,0,0,0,0,0,0,0,0,0,390,0,0,28,0,0,0,0,0,0,2,0,0,18,66,0,0,0,0,0,0,0,0,0,0,0,0,0,0,0,2,0,0,0,0,0,0,0,0,0,0,0,0,0,0,0,0,1,0,0,0,0,0,0,0,0,0,0,0,0,0,0,0,0,0,0,0,67,0,0,0,0,0,0,0,0,1,0,3,0,0,0,0,0,0,0,0,0,3,0,0,0,2,0,15,0,0,0,2,0,0,0,0,0,0,0,0,0,0,0
MONTGRI,3.205,42.073,0,0,0,0,0,0,0,0,0,0,0,0,405,0,0,37,0,0,0,10,0,0,0,0,0,18,42,0,0,0,0,0,0,0,0,0,0,0,0,0,0,0,1,0,0,0,0,0,0,0,0,7,0,0,0,0,0,0,0,1,0,0,0,0,0,0,0,0,0,0,0,0,0,0,0,0,0,0,0,7,0,0,0,0,0,0,0,0,3,0,2,0,0,0,0,0,0,0,0,0,22,0,0,1,10,1,6,0,0,0,6,0,0,0,0,0,0,0,0,0,0,0
MONTGRI,3.21,42.067,0,0,0,0,0,0,0,0,0,0,0,0,605,0,0,23,2,0,0,0,0,0,0,0,1,22,17,0,0,0,0,0,0,0,0,0,0,0,0,0,0,0,0,0,1,0,0,0,0,0,0,0,0,0,0,47,0,0,0,0,0,0,0,0,0,0,0,0,0,0,0,0,0,0,0,0,0,0,0,0,0,0,0,0,0,0,0,0,2,0,3,0,0,0,0,0,0,0,0,0,2,0,0,2,1,5,38,0,0,0,11,0,0,0,0,0,0,0,0,0,0,0
"North of the arches, public beach",3.166758,42.47317,0,0,0,0,0,0,0,0,0,0,0,0,92,0,0,278,0,0,0,0,0,0,0,0,0,76,59,0,0,0,0,0,1,1,1,0,0,0,0,8,0,0,2,0,0,0,0,0,0,0,0,5,0,0,0,0,0,0,0,0,2,0,0,5,0,0,0,0,0,0,0,0,0,0,0,0,0,0,0,27,0,0,0,0,0,0,0,0,68,0,0,0,0,0,0,0,0,0,0,0,0,0,1,0,4,2,50,0,0,0,12,0,0,0,0,0,0,0,0,0,0,0
OTRANTO,18.507,40.144,0,0,2,0,0,0,0,0,70,0,0,0,162,0,0,43,0,0,0,0,0,0,2,0,3,11,8,0,0,0,0,0,0,1,0,1,1,0,0,0,0,0,1,0,0,0,0,0,0,0,0,0,0,0,0,10,0,0,0,0,0,0,0,1,0,0,0,0,0,0,0,0,0,0,0,0,0,0,0,4,0,0,0,0,1,0,0,0,7,0,1,0,0,0,0,0,0,0,0,0,1,0,0,3,7,0,2,2,0,0,16,0,0,1,0,0,0,0,1,0,0,0
OTRANTO,18.51,40.099,0,0,2,0,0,0,0,0,20,0,0,0,350,0,0,44,0,0,0,0,0,0,1,0,2,14,11,0,0,0,0,0,0,0,0,0,0,0,0,0,0,0,0,0,0,0,0,0,0,0,0,0,0,0,0,0,0,0,0,0,1,0,0,1,0,0,0,0,0,0,0,0,0,0,0,0,0,0,0,0,0,0,0,0,1,1,0,0,16,0,4,0,0,0,0,0,0,0,0,0,1,0,0,3,6,0,1,2,1,0,13,0,0,12,0,0,0,0,0,0,0,0
OTRANTO,18.516,40.137,0,0,0,0,0,0,0,0,245,0,0,0,330,0,0,34,0,0,0,0,0,0,3,0,1,7,11,0,0,0,0,0,0,0,0,0,0,0,0,0,0,0,1,0,0,0,0,0,0,0,0,0,0,0,0,0,0,0,0,0,0,0,0,1,0,0,0,0,0,0,0,0,0,0,0,0,0,0,0,0,0,0,0,0,1,0,0,0,5,0,3,0,0,0,0,0,0,0,0,0,4,0,0,6,7,0,8,4,4,0,12,0,0,2,0,0,0,0,1,0,0,0
OTRANTO,18.517,40.133,0,0,5,0,0,0,0,0,10,0,0,0,240,0,0,45,0,0,0,0,0,0,1,0,4,7,11,0,0,0,1,0,0,0,0,0,1,0,0,0,0,0,0,0,0,0,0,0,0,0,0,1,0,0,0,0,0,0,0,0,0,0,0,1,0,0,0,0,0,0,0,0,0,0,0,0,0,0,0,9,0,0,0,0,0,1,0,0,11,0,3,0,0,0,0,0,0,0,0,0,3,0,0,5,6,0,1,3,2,0,16,0,0,0,0,0,0,0,1,0,0,0
OTRANTO,18.518,40.111,0,0,1,0,0,0,0,0,10,0,0,0,422,0,0,49,0,0,0,0,0,0,1,0,1,10,9,0,0,0,0,0,0,0,0,0,0,0,0,0,0,0,1,0,0,0,0,0,0,0,0,0,0,0,0,5,0,0,0,0,0,0,0,1,0,0,0,0,0,0,0,0,0,0,0,0,0,0,0,9,0,0,0,0,0,2,0,0,10,0,2,0,0,0,0,0,0,0,0,0,2,0,0,4,5,0,0,0,0,0,7,0,0,1,0,0,0,0,1,0,0,0
OTRANTO,18.52,40.106,0,0,2,0,0,0,0,0,90,0,0,0,620,0,0,62,0,0,0,0,0,0,0,0,1,9,9,0,0,0,0,0,0,0,0,0,0,0,0,0,0,0,1,0,0,0,0,0,0,0,0,0,0,0,0,0,0,0,0,1,0,0,0,0,0,0,0,0,0,0,0,0,0,0,0,0,0,0,0,5,0,0,0,0,0,0,0,0,1,0,12,0,0,0,0,0,0,0,0,0,3,0,0,4,9,0,11,5,0,0,20,0,0,9,0,0,0,0,1,0,0,0
Outside reseve,3.166758,42.47317,0,0,0,0,0,0,0,0,0,0,0,0,299,0,0,312,0,0,0,0,0,0,6,0,0,4,22,0,0,0,0,0,0,0,0,0,0,0,0,0,0,0,2,0,1,0,0,0,0,0,0,1,0,0,0,4,0,0,1,1,0,0,0,0,0,0,0,0,0,0,0,0,0,0,0,0,0,0,0,300,0,0,0,0,0,0,0,0,45,0,4,0,0,0,0,0,0,0,223,0,0,0,1,5,16,6,21,7,4,0,14,0,0,0,0,0,0,0,0,0,0,0
PIPERI,24.322,39.368,0,0,4,0,0,0,0,0,0,0,0,1,155,0,0,40,0,0,0,0,0,0,0,0,0,3,23,0,0,0,0,0,0,0,0,0,0,0,0,0,0,0,0,0,0,0,0,0,0,0,0,2,0,0,0,75,0,0,0,0,0,0,0,0,0,0,0,0,0,0,0,0,0,0,0,0,0,0,0,25,0,0,1,0,0,0,0,0,5,0,2,0,0,0,0,0,0,0,0,0,7,0,0,1,2,1,5,0,1,0,10,0,0,33,0,0,0,0,0,0,0,0
PIPERI,24.327,39.333,0,0,0,0,0,0,0,0,0,0,0,0,335,0,0,26,0,0,0,0,0,0,0,0,0,17,2,0,0,0,1,0,0,0,0,0,0,0,0,0,0,0,0,0,0,0,0,0,0,0,0,0,0,0,0,26,0,0,0,0,0,0,0,0,0,0,0,0,0,0,0,0,0,0,0,0,0,0,0,3,0,0,1,0,0,0,0,0,3,0,1,0,0,0,0,0,0,0,0,0,2,0,0,0,0,2,2,0,0,0,10,0,0,17,0,0,0,0,0,0,0,0
PIPERI,24.329,39.345,0,0,0,0,0,0,0,0,0,0,0,0,530,0,0,35,0,0,0,0,0,0,3,0,0,0,13,0,0,0,0,0,0,0,0,0,0,0,0,0,0,0,1,0,0,0,0,0,0,0,0,1,0,0,0,32,0,0,0,0,0,0,0,0,0,0,0,0,0,0,0,0,0,0,0,0,0,0,0,0,0,0,1,2,0,0,2,0,5,0,2,0,0,0,0,0,0,0,7,0,2,0,0,0,0,0,5,0,1,0,9,0,0,10,0,0,0,0,0,0,0,0
PIPERI,24.331,39.367,0,0,0,0,0,0,0,0,0,0,0,0,125,0,0,20,0,0,0,0,0,0,0,0,2,4,16,0,0,0,0,0,0,0,0,0,0,0,0,0,0,0,0,0,0,0,0,0,0,0,0,5,0,0,0,59,0,0,0,0,0,0,0,0,0,0,0,0,0,0,0,0,0,0,0,0,0,0,0,10,0,0,1,1,0,0,0,0,6,0,1,0,0,0,0,0,0,0,0,0,14,0,0,0,0,0,0,0,0,0,3,0,0,23,0,0,0,0,0,0,0,0
PIPERI,24.331,39.37,0,0,4,0,0,0,0,0,0,0,0,0,250,0,0,37,0,0,0,2,0,0,0,0,0,0,2,0,0,0,0,0,0,0,0,0,0,0,0,0,0,0,0,0,0,0,0,0,0,0,0,0,1,0,0,23,0,0,0,0,0,0,0,0,0,0,0,0,0,0,0,0,0,0,0,0,0,0,0,6,0,0,2,0,0,0,0,0,7,0,0,0,0,0,0,0,0,0,0,0,0,0,0,0,4,0,0,0,0,0,1,0,0,22,0,0,0,0,0,0,0,0
PIPERI,24.334,39.358,0,0,1,0,0,0,0,0,0,0,0,0,170,0,0,70,0,0,0,0,0,0,0,0,0,0,10,0,0,0,1,0,0,0,0,0,0,0,0,0,0,0,0,0,0,0,0,0,0,0,0,0,0,0,0,12,0,0,0,0,0,0,0,0,0,0,0,0,0,0,0,0,0,0,0,0,0,0,0,0,0,0,1,0,0,0,0,0,7,0,4,0,0,0,0,0,0,0,0,0,10,0,0,1,2,1,0,0,0,0,14,0,0,17,0,0,0,0,0,0,0,0
PORTO CESAREO,17.895,40.247,0,0,0,0,0,0,0,0,0,0,0,0,120,0,0,20,0,0,0,1,0,0,0,0,1,18,24,0,0,0,0,0,0,5,0,0,0,0,0,0,0,0,0,0,0,0,0,0,0,0,0,0,0,0,0,23,0,0,0,3,0,0,0,3,0,0,0,0,0,0,0,0,1,0,0,0,0,0,0,16,0,0,0,0,0,0,0,0,3,0,5,0,0,0,0,0,0,0,8,0,5,0,0,3,3,0,2,0,0,0,12,0,0,4,0,0,0,0,2,0,0,0
PORTO CESAREO,17.902,40.242,0,0,7,0,0,0,0,0,0,0,0,0,255,0,0,21,0,0,0,0,0,0,1,0,4,14,8,0,0,0,0,0,0,2,0,0,0,0,0,0,0,0,0,0,0,0,0,0,0,0,0,0,0,0,0,5,0,0,0,3,0,0,0,1,0,0,0,0,0,0,0,0,0,0,0,0,0,0,0,10,0,0,10,0,0,0,0,0,0,0,4,0,0,0,1,0,0,0,10,0,0,0,0,4,3,0,2,0,1,0,15,0,0,4,0,0,0,0,0,0,0,0
PORTO CESAREO,17.906,40.237,0,0,8,0,0,0,0,0,0,0,0,0,240,0,0,23,0,0,0,1,0,0,3,0,2,12,13,0,0,0,0,0,0,2,0,0,0,0,0,0,0,0,0,0,0,0,0,0,0,2,0,0,1,0,0,10,0,0,0,1,0,0,0,4,0,0,0,0,0,0,0,0,0,0,0,0,0,0,0,5,0,0,0,1,0,1,0,0,1,0,5,0,0,0,0,0,0,0,20,0,1,0,1,2,4,0,0,0,0,0,10,0,0,2,0,0,0,0,1,0,0,0
PORTO CESAREO,17.917,40.198,0,0,6,0,0,0,0,0,0,0,0,0,190,0,0,16,0,0,0,0,0,0,1,0,1,8,9,0,0,0,0,0,0,3,0,0,0,0,0,0,0,0,0,0,0,0,0,0,0,0,0,0,0,0,0,0,0,0,0,0,0,0,0,3,0,0,0,0,0,0,0,0,1,0,0,0,0,0,0,5,0,0,0,0,0,1,0,0,3,0,4,0,0,0,0,0,0,0,10,0,2,0,1,3,1,0,0,0,0,0,10,0,0,3,0,0,0,0,2,0,0,0
PORTO CESAREO,17.918,40.193,0,0,4,0,0,0,0,0,0,0,0,0,235,0,0,40,0,0,0,0,0,0,3,0,2,15,15,0,0,1,0,0,0,3,0,0,0,0,0,0,0,0,1,0,0,0,0,0,0,0,0,0,0,0,0,20,0,0,0,1,0,0,0,5,0,0,0,0,0,0,0,0,0,0,0,0,0,0,0,16,0,0,0,0,0,1,0,0,2,0,3,0,0,1,0,0,0,0,20,4,1,0,1,3,4,0,0,1,1,0,22,0,0,5,0,0,0,0,2,0,0,0
PORTO CESAREO,17.918,40.212,0,0,4,0,0,0,0,0,0,0,0,0,240,0,0,31,0,0,0,0,0,0,2,0,5,7,27,0,0,0,0,0,0,3,0,0,0,0,0,0,0,0,0,0,0,0,0,0,0,0,0,0,0,0,0,0,0,0,0,2,0,0,0,2,0,0,0,0,0,0,0,0,0,0,0,0,0,0,0,25,0,0,0,0,0,0,0,0,1,0,6,0,0,0,0,0,0,0,30,0,1,0,0,2,2,0,1,0,1,0,10,0,0,4,0,0,0,0,2,0,0,0
PORTOFINO,9.158,44.315,0,0,2,0,0,0,0,0,0,0,0,0,90,0,0,43,0,0,0,1,0,0,2,0,3,33,19,0,0,0,4,0,0,0,0,0,0,0,0,0,0,0,3,0,0,0,0,0,0,0,0,4,0,0,0,73,0,0,0,0,0,0,0,0,0,0,0,0,0,0,0,0,0,0,0,0,0,0,0,55,0,0,1,0,0,0,0,0,7,0,4,0,0,0,2,0,0,0,0,0,2,0,0,1,3,1,2,5,1,0,15,0,0,0,0,0,0,0,1,0,0,0
PORTOFINO,9.162,44.316,0,0,6,0,0,0,0,0,0,0,0,0,190,0,0,63,0,0,0,4,1,0,0,0,6,21,18,0,0,0,4,0,0,0,0,0,0,0,0,0,0,0,2,0,0,0,0,0,0,5,0,0,1,0,0,0,0,0,0,0,0,0,0,1,0,0,0,0,0,0,0,0,0,0,0,0,0,0,0,20,0,0,0,0,0,1,0,0,6,0,5,0,0,0,2,0,0,0,20,0,0,0,0,0,1,0,0,0,0,0,4,0,0,1,0,0,0,0,1,0,0,0
PORTOFINO,9.165,44.316,0,0,12,0,0,0,0,0,4,0,0,0,215,0,0,30,0,0,0,1,0,0,0,0,4,23,15,0,0,0,1,0,0,0,0,0,0,0,0,0,0,0,1,0,0,0,0,10,0,0,0,0,2,0,0,0,0,0,0,0,0,0,0,2,0,0,0,0,0,1,0,0,0,0,0,0,0,0,0,39,0,0,0,0,0,1,0,0,11,0,7,0,0,0,0,0,0,0,0,0,1,0,0,1,5,1,0,1,0,0,13,0,0,0,0,0,0,0,1,0,0,0
PORTOFINO,9.166,44.313,0,0,18,0,0,0,0,0,20,0,0,0,300,0,0,36,0,0,0,0,0,0,0,0,3,24,20,0,0,0,2,0,0,0,0,0,0,0,0,0,0,0,1,0,0,0,0,0,0,0,0,0,0,0,0,5,0,0,0,0,0,0,0,1,0,0,0,0,0,0,0,0,0,0,0,0,0,0,0,9,0,0,0,0,0,0,0,0,9,0,7,0,0,0,0,0,0,0,0,0,0,0,0,1,5,0,0,0,0,0,11,0,0,0,0,0,0,0,0,0,0,0
San vito,12.77276,38.15865,0,16890,115,0,0,0,0,30,8031,0,0,0,43830,100,0,401,0,0,0,0,0,0,36,0,2,290,816,0,0,5,2,0,1,0,0,0,0,0,0,0,0,0,7,0,1,0,0,16,0,2,2,57,2,12,0,177,0,0,0,0,0,0,0,0,0,0,0,0,0,0,0,0,0,0,0,0,0,0,0,656,0,0,1,3,0,0,0,13,9,0,96,0,0,2,4,0,0,0,5,54,71,0,5,40,51,14,263,75,30,0,508,0,0,331,0,0,0,0,0,0,0,0
Shikmona,34.94961,32.81962,0,0,0,200,0,2000,0,0,300,0,57,0,1240,0,0,937,0,0,2,0,0,0,0,3,1,204,65,1,0,3,15,0,0,584,0,0,0,0,0,0,0,0,0,0,0,11,0,0,0,0,0,10,1,44,0,281,0,100,0,0,1,3,0,0,0,0,0,17,30,0,0,0,0,0,0,0,0,0,251,0,0,3,1,3,0,1,0,0,15,1,10,243,2277,0,0,0,0,0,0,15,0,2,0,1,14,0,0,22,0,0,18,0,0,2572,1,0,0,0,0,11,0,0
South edge of no-take zone,3.166758,42.47317,0,0,0,0,0,0,0,0,0,0,0,0,731,0,0,334,0,0,0,0,0,0,0,0,0,30,53,0,0,0,0,0,0,0,0,0,0,0,0,0,0,0,8,0,0,0,0,0,0,401,0,17,0,0,0,0,0,0,0,3,0,0,0,0,0,0,0,0,0,0,0,0,0,0,0,0,0,200,0,0,0,0,0,0,0,0,0,0,13,0,0,0,0,0,0,0,0,0,0,0,0,0,6,0,9,13,31,8,1,0,40,0,0,0,0,0,0,0,0,0,0,0
south of Cape Bear,3.166758,42.47317,0,0,0,0,0,0,0,0,100,0,0,0,376,0,0,390,4,0,0,0,0,0,2,0,0,5,28,0,0,0,0,0,0,0,0,0,0,0,0,2,0,0,1,0,1,0,0,0,0,0,0,28,0,0,0,1,0,0,0,0,0,0,0,0,0,0,0,0,0,0,0,0,0,0,0,0,0,0,0,0,0,0,0,0,0,0,0,0,59,0,4,0,0,0,0,0,0,0,453,0,0,0,14,0,16,0,178,4,0,0,9,0,0,1,0,0,0,0,3,0,0,0
TAVOLARA,9.716,40.902,0,0,0,0,0,0,0,0,0,0,0,0,270,0,0,87,0,0,0,0,0,0,2,0,6,32,75,0,0,0,2,0,0,0,0,0,0,0,0,0,0,0,2,0,2,0,0,0,0,0,0,0,0,0,0,15,0,0,0,0,0,0,0,0,0,0,0,0,0,0,0,0,0,0,0,0,0,0,0,101,0,0,0,0,0,0,0,0,17,0,9,0,0,0,1,0,0,0,21,0,4,0,0,2,4,3,1,2,1,0,13,0,0,0,0,0,0,0,0,0,0,0
TAVOLARA,9.738,40.911,0,0,0,0,0,0,0,0,0,0,0,0,600,0,0,85,0,0,0,0,0,0,2,0,11,23,69,0,0,0,3,0,0,0,0,0,0,0,0,0,0,0,3,0,0,0,0,0,0,0,0,2,0,0,0,30,0,0,0,0,0,0,0,0,0,0,0,0,0,0,0,0,0,0,0,0,0,0,0,39,0,0,4,0,0,0,0,0,11,0,10,0,0,0,0,0,0,0,33,0,2,0,0,2,4,3,6,2,1,0,12,0,0,3,0,0,0,0,0,0,0,0
TAVOLARA,9.743,40.913,0,0,2,0,0,0,0,0,104,0,0,0,400,0,0,56,0,0,0,0,0,0,0,0,4,10,62,0,0,0,0,0,0,0,0,0,0,0,0,0,0,0,3,0,0,0,0,0,0,0,0,4,1,0,0,33,0,0,0,0,0,0,0,1,0,0,0,0,0,0,0,0,0,0,0,0,0,0,0,49,0,0,0,0,0,0,0,0,8,0,6,0,0,0,0,0,0,0,46,0,0,0,0,5,2,2,5,3,3,0,26,0,0,11,0,0,0,0,0,0,0,0
TAVOLARA,9.778,40.873,0,0,0,0,0,0,0,0,0,0,0,0,320,0,0,56,0,0,0,0,0,0,4,0,1,8,18,0,0,0,0,0,0,0,0,0,0,0,0,0,0,0,2,0,3,0,0,0,0,0,0,0,0,0,0,0,0,0,0,0,0,0,0,0,0,0,0,0,0,0,0,0,0,0,0,0,0,0,0,0,0,0,0,0,0,0,0,0,3,0,12,0,0,0,0,0,0,0,0,0,0,0,0,1,2,1,5,1,0,0,14,0,0,0,0,0,0,0,0,0,0,0
TAVOLARA,9.781,40.876,0,0,0,0,0,0,0,0,0,0,0,0,500,0,0,99,0,0,0,2,0,0,0,0,11,45,56,0,0,1,2,0,0,0,0,0,0,0,0,0,0,0,2,0,0,0,0,0,0,0,0,0,0,0,0,16,0,0,0,0,0,0,0,0,0,0,0,0,0,0,0,0,0,0,0,0,0,0,0,5,0,0,0,0,0,0,0,0,7,0,10,0,0,0,0,0,0,23,0,0,4,0,0,0,5,0,3,3,0,0,16,0,0,21,0,0,0,0,0,0,0,0
TORRE GUACETO,17.789,40.722,0,0,0,0,0,0,0,0,20,0,0,0,100,0,0,43,0,0,0,0,0,0,18,0,3,21,29,0,0,0,0,0,0,2,0,0,1,0,0,0,0,0,0,0,0,0,0,0,0,0,0,8,0,0,0,40,0,0,0,1,0,0,0,3,0,0,0,0,0,0,0,0,0,10,0,0,0,0,0,5,0,0,0,0,0,0,0,0,10,0,6,0,0,0,2,0,0,0,0,10,3,0,1,5,3,0,1,2,0,0,14,0,0,0,0,0,0,0,3,0,0,0
TORRE GUACETO,17.796,40.719,0,0,0,0,0,0,0,0,20,0,0,0,50,0,0,38,0,0,0,3,2,0,21,0,3,18,29,0,0,0,0,0,0,1,0,0,3,0,0,0,0,0,0,0,0,0,0,0,0,0,0,5,0,0,0,0,0,0,0,1,0,0,0,4,0,0,0,0,0,0,0,0,0,40,0,0,0,0,0,0,0,0,0,0,0,0,0,0,6,0,7,0,0,0,2,0,0,0,0,0,3,0,0,8,5,0,2,0,0,0,19,0,0,0,0,0,0,0,3,0,0,0
TORRE GUACETO,17.799,40.719,0,0,0,0,0,0,0,0,10,0,0,0,135,0,0,38,0,0,0,3,0,0,16,0,2,12,12,0,0,0,0,0,0,0,0,0,1,0,0,0,0,0,0,0,0,0,0,0,0,0,0,6,0,0,0,18,0,0,0,2,0,0,0,0,0,0,0,0,0,0,0,0,0,0,0,0,0,0,0,0,0,0,0,0,0,1,0,0,7,0,5,0,0,0,2,0,0,0,0,20,1,0,1,3,2,0,2,2,2,0,12,0,0,0,0,0,0,0,2,0,0,0
TORRE GUACETO,17.806,40.716,0,0,0,0,0,0,0,0,0,0,0,0,70,0,0,31,0,0,0,2,0,0,19,0,3,24,19,0,0,0,0,0,0,3,0,0,4,0,0,0,0,0,2,0,0,0,0,0,0,0,0,10,0,0,0,0,0,0,0,0,0,0,0,0,0,0,0,0,0,0,0,0,0,0,0,0,0,0,0,0,0,0,0,0,0,2,0,0,6,0,9,0,0,0,2,0,0,0,0,20,3,0,2,3,4,0,4,3,0,0,17,0,0,0,0,0,0,0,3,0,0,0
TORRE GUACETO,17.812,40.714,0,0,0,0,0,0,0,0,0,0,0,0,165,0,0,32,0,0,0,0,0,0,13,0,2,8,15,0,0,0,0,0,0,3,0,0,5,0,0,0,0,0,1,0,0,0,0,0,0,0,0,0,0,0,0,50,0,0,0,0,0,0,0,1,0,0,0,0,0,0,0,0,0,0,0,0,0,0,0,0,0,0,0,0,0,0,0,0,6,0,3,0,0,0,2,0,0,0,0,20,3,0,0,4,3,0,2,0,0,0,11,1,0,0,0,0,0,0,1,0,0,0
TORRE GUACETO,17.827,40.707,0,0,0,0,0,0,0,0,80,0,0,0,140,0,1,42,0,0,0,1,0,0,17,0,2,16,14,0,0,0,0,0,0,1,0,0,3,0,0,0,0,0,0,0,0,0,0,0,0,0,0,0,0,0,0,0,0,0,0,0,0,0,0,0,0,0,0,0,0,0,0,0,0,20,0,0,0,0,0,4,0,0,0,0,0,0,0,0,7,0,4,0,0,0,0,0,0,0,0,0,5,0,0,3,3,0,2,0,0,0,8,0,0,0,0,0,0,0,2,0,0,0
TREMITI,15.544,42.227,0,0,0,0,0,0,0,0,0,0,0,0,1210,0,0,34,0,0,0,0,0,0,0,0,1,3,2,0,0,0,0,0,1,0,0,0,0,0,0,0,0,0,0,0,0,0,0,0,0,0,0,0,0,0,0,4,0,0,0,0,0,0,0,1,0,0,0,0,0,0,0,0,0,0,0,0,0,0,0,0,0,0,0,0,0,0,0,0,7,0,0,0,0,0,0,0,0,0,0,0,4,0,0,0,3,0,1,0,0,0,0,0,0,1,0,0,0,0,0,0,0,0
TREMITI,15.746,42.223,0,0,0,0,0,0,0,0,0,0,0,0,270,0,0,76,0,0,0,0,0,0,0,0,0,0,0,0,0,0,0,0,0,1,0,0,0,0,0,0,0,0,0,0,0,0,0,0,0,0,0,0,0,0,0,0,0,0,0,0,0,0,0,0,0,0,0,0,0,0,0,0,0,0,0,0,0,0,0,0,0,0,0,0,0,0,0,0,8,0,8,0,0,0,0,0,0,0,0,0,0,0,0,1,4,0,1,0,0,0,2,0,0,0,0,0,0,0,0,0,0,0
TREMITI,15.751,42.225,0,0,0,0,0,0,0,0,0,0,0,0,431,0,0,44,0,0,0,0,0,0,0,0,3,3,25,0,0,0,0,0,0,0,0,0,0,0,0,0,0,0,0,0,0,0,0,0,0,0,0,3,0,0,0,20,0,0,0,0,0,0,0,0,0,0,0,0,0,0,0,0,0,0,0,0,0,0,0,17,0,0,0,0,0,0,0,0,4,0,0,0,0,0,0,0,0,0,0,0,0,0,0,0,2,0,4,1,0,0,2,0,0,5,0,0,0,0,0,0,0,0
Ustica,13.15419,38.71068,0,482,111,200,0,0,0,0,3346,3,0,0,130599,1135,0,479,0,0,0,0,0,0,72,0,9,1,493,0,0,3,21,0,0,0,0,0,0,0,0,0,0,0,1,0,3,0,0,0,0,13,0,2,1,2,0,305,0,0,0,0,0,0,0,0,0,0,0,0,0,0,0,0,0,0,0,0,0,0,0,1301,0,0,0,7,0,0,1,34,2,0,112,0,0,13,0,0,0,0,126,0,1,0,4,9,98,8,230,19,14,0,134,0,0,273,0,0,0,0,3,2,0,0
