"","date","year","location","site_n","reserve","season","ID","mean_depth","max_richness","max_abundance","max_biomass","shannon","FunRichness","FunEvenness","FunDispersion","FunOriginality","FunDistinct","FunIrregular","FunSingular","SkyView","SkyView_sd","Rugosity","SD","VerRelief","Slope","FractalDim","Curvature","Neighbors_dist","Max_convexity","Max_concavity","FreeSpace","earth_movers"
"22","29/04/2015",2015,"Achziv",1,"Out","Spring","1 A Achziv 2015 Spring Yoni Belmaker Adi Barash",21.4817397142857,5,57,6091.43958244154,1.20352752239899,4.50132635493554,1.31399526032817,0.530210929210111,-0.957767482124193,2.15891930546697,2.2029039911811,2.27963051826301,-1.13858231875613,-0.928661232932279,-0.806275500250222,-0.707909627289807,-0.443616593450044,-0.313449394512988,0.115329292427479,-0.862878364150463,-0.816853525681497,-0.534594308861187,0.732540682743845,-0.246079785773699,-0.698622533578037
"75","07/11/2017",2017,"Gdor",1,"In","Fall","1 A Gdor 2017 Fall Ori Frid",3.24085029399242,4,21,2289.35468002919,1.03569596355752,2.57038180731635,0.636786253027789,0.879720913238558,0.363924558280484,-0.212893807201642,-0.262905067970289,-0.145629069668242,1.51700816635149,0.487523591440139,3.06125261417201,0.770628130770767,0.706486762343438,-0.0540748445702421,-1.43544292065247,1.20153455074242,2.64570570527959,0.370269367671773,-1.77166263530658,0.739136768373786,0.989012569468122
"86","07/06/2017",2017,"Gdor",1,"In","Spring","1 A Gdor 2017 Spring Yoni Belmaker",2.70647576073256,3,37,1058.67753965742,0.797162035532926,0.559036119135402,0.969851758333877,0.29970878587497,-0.104468168400925,-0.990033695458971,-0.895692230116677,-0.907505604241349,0.779813671266079,-0.355788546971786,-0.179371081153177,-0.42336004727772,-0.459151810292693,-0.328243169014289,-0.382911865078813,-0.0309417628716578,-0.196922655491806,0.0455376882715884,-0.357356253806725,-0.652436012758429,-0.530449617307194
"107","15/10/2017",2017,"Habonim",1,"Out","Fall","1 A Habonim 2017 Fall Ori Frid",2.84287658095181,6,16,636.632084335739,1.4402347497046,0.244540867763074,0.498682332554159,0.401795138239332,0.272103409389591,-0.738380970469805,-0.562208812200766,-0.773993452085831,1.80007355930817,0.253696649580571,0.196807614688598,0.336907887846817,0.407340580737122,0.21280237689692,0.454574788787779,1.56240972727241,0.480048648557838,1.06832394469596,-1.42225276801527,0.0056031500993711,0.271138253024953
"119","05/11/2015",2015,"Achziv",1,"In","Fall","1 B Achziv 2015 Fall Nir Stern Ori Frid",25.0701364152419,6,19,15544.8865375557,1.56653370366264,-0.155781105270383,-0.32791617138385,0.333395237978068,0.866146479037283,-0.501652091105791,-0.731740985255646,-0.683986329409383,-0.138747118562688,0.356818674448793,-0.258256266278499,0.163503652599446,0.669575077362873,-0.313917879412664,-1.04083191574349,-0.639949319211394,-0.291082626746288,-0.0629037153475017,-0.32818914824781,1.27731111215168,-0.0581535858696073
"135","18/10/2017",2017,"Achziv",1,"In","Fall","1 B Achziv 2017 Fall Shahar Malamud",22.0950301819333,6,34,772.375186796596,1.65998274212555,-0.68781678634104,1.63578570644283,1.47126535181923,-0.614605100028844,-1.545675334216,-1.89085925162278,-1.39227448476136,-1.83741059882255,-0.829618090349719,-1.03480938958324,-1.15761768712688,-1.37386552422447,-0.99447795543699,1.10445223956872,-1.38185833564455,-1.15358494186831,-0.528075956625175,1.30457284916509,-0.944661432867038,-0.978883711715446
"151","07/11/2017",2017,"Gdor",1,"In","Fall","1 B Gdor 2017 Fall Ori Frid",2.98243502119626,1,7,568.15510419292,0,0.71839114508162,1.11901679660425,0.736598106314037,-0.54427857783872,0.327129842008947,0.842809807353939,0.392393939670457,1.44120944057057,0.49821180823339,1.31714297768568,-0.0217119095497302,0.130937958616872,-0.528600101822993,-0.522509509514603,1.73743573405559,1.49937484575916,0.293234477701565,-0.566883127798807,-0.0254111742698589,-0.192643959243188
"156","07/06/2017",2017,"Gdor",1,"In","Spring","1 B Gdor 2017 Spring Yoni Belmaker",2.896001087,4,37,1098.88759897076,0.899951421833444,1.82458801539469,0.437727936938197,-0.930433304391953,-0.261771944847836,0.163867383095369,0.884413974522405,-0.0236384291292727,1.24653714092694,1.19187530580191,2.22809135589301,0.239345906470548,0.471718528705792,-0.861458651475243,-1.0235838279172,1.45603349700136,2.11751823775992,1.61467907009131,-1.00141328839716,0.636945928788237,0.0449895381973756
"178","15/10/2017",2017,"Habonim",1,"Out","Fall","1 B Habonim 2017 Fall Ori Frid",3.12258932610227,7,30,1612.30838818479,1.56974135554496,0.713746025969866,-0.365756973543989,-1.45889566819638,-0.2676413957257,1.26073904707619,1.04720615100505,1.36043376921959,0.57432919903804,-0.242235302598672,-0.205970990968644,-0.785329310603745,-0.648060076526487,-0.971845352187887,0.486987902651687,1.37837730273735,-0.0402524887774358,1.6875659182709,-0.878792439346092,-0.781764685718688,-0.710084963803312
"193","19/10/2017",2017,"Shikmona",1,"Out","Fall","1 B Shikmona 2017 Fall Tal Gavriely",4.00919717655556,4,9,56.7395539131212,1.14905969697062,-0.506490866095194,-0.126116920755194,-1.95206307749477,-0.952617114862372,-0.118358359019064,0.744482978797883,-0.104171807574902,-0.495521472845124,0.00413394191451996,-0.6769261640853,-1.03453073037674,-1.11399237185555,-0.557551165176489,0.609244676059607,-0.389470404910366,-0.61135751228974,-0.925101875327771,0.432536242773877,-1.05912156466017,-0.929944846894566
"200","07/11/2017",2017,"Gdor",1,"In","Fall","1 C Gdor 2017 Fall Ori Frid",2.67693347424779,4,21,2093.02976131759,0.567060930955282,-0.517180470640308,-0.235338528222066,1.34790932070575,-0.157071296375009,0.350530010824192,0.852380529576872,0.359667360095279,1.62878783627728,0.340347197634919,1.57020555951675,0.151130976329926,0.634154782362099,-0.0737945739787406,-0.222474382236501,1.64652116516114,1.66635618631975,1.10743397473666,-1.38237123077711,0.123036524817273,0.404852187078136
"207","07/06/2017",2017,"Gdor",1,"In","Spring","1 C Gdor 2017 Spring Yoni Belmaker",2.65541388297143,3,50,1627.69583645408,0.752417764347606,0.0420026840006562,-0.0874639601248623,1.73496089313447,-0.390531865461383,-0.605032186006937,-0.657307323845889,-0.71734948156733,0.730239074781576,-0.276920334237624,1.20060464058092,0.00119415701515756,-0.00776047764856167,-0.681346883856778,-0.598181360664481,1.81845483966901,1.22197898705764,0.72403726218621,-1.58475514234006,0.0141010199637107,-0.0433107149120733
"229","15/10/2017",2017,"Habonim",1,"Out","Fall","1 C Habonim 2017 Fall Ori Frid",2.40767047119608,5,24,716.683166772449,0.940145318121477,0.828723546913196,1.01574372292864,0.783221941996318,2.17807253615332,-0.858953783263541,-0.854494872834891,-0.773421207063684,-0.0593090808227529,0.257707501088443,0.40507663281106,1.23603782928652,1.14694129925273,-0.954152594442665,0.151232045385803,0.713064987098395,0.568042629301259,0.913661597566125,-0.528787334159037,0.171799303921078,1.14467504539725
"238","19/10/2017",2017,"Shikmona",1,"Out","Fall","1 C Shikmona 2017 Fall Tal Gavriely",4.22863387972131,3,10,30.7200893536378,0.639031859650177,-0.209606614562411,0.317777513498153,-1.32653250794649,-0.911200724221009,-0.106968323076998,0.587340971806891,-0.367567169612638,-1.08554261671299,-0.172918024150648,-0.838886492573833,-1.12624520704465,-1.32179146583686,-0.70278721304817,0.878070445036273,-0.509855619535674,-0.773932163150044,-0.886584430342655,1.19980936431117,-0.966930892919553,-0.908117335910755
"243","07/11/2017",2017,"Gdor",1,"In","Fall","1 D Gdor 2017 Fall Ori Frid",3.4676179969913,2,7,306.49254570405,0.410116318288409,-0.43231533729536,-0.112764734350928,-1.13997633510049,0.231904660114224,-0.0673419075159231,0.510998109200679,-0.184505965228105,1.81144806746087,1.17629768888147,1.67560065188542,0.916957337295775,0.74712689666833,0.469286814813994,-0.948142023780113,1.26722167342949,1.64275691712047,1.60934587605569,-0.294855335542996,0.0901560875437329,0.859641464595713
"247","07/06/2017",2017,"Gdor",1,"In","Spring","1 D Gdor 2017 Spring Yoni Belmaker",2.82664520530392,4,60,1333.71129632698,0.824852066133764,-0.614088408254846,0.163742638959483,-0.821055805379865,0.638941699988486,-0.642318851983902,-0.50971654188857,-0.675874250022662,1.1190594055891,1.84808201427764,1.04818211233661,0.31194017104641,0.199417205610622,-0.450062576510973,-0.767398665501898,1.04215574527236,1.16079081573239,1.11098943147168,-0.72759976450743,0.0950934487412089,0.473193755461116
"270","15/10/2017",2017,"Habonim",1,"Out","Fall","1 D Habonim 2017 Fall Ori Frid",2.71595336572289,5,102,5987.47037892298,0.745984853245678,-0.329103033528314,-0.238475059702941,-0.13746859602656,0.242830515838458,-0.147002070180525,0.418220472983665,-0.0332553140995889,0.745245773806385,0.823960947893057,0.0850327583506358,-0.0270516940268491,0.115278458130962,-0.190592798513284,-0.442288819344451,1.01051275246234,0.276898770016556,0.642854342336164,-0.0621138486118342,-0.433467295481905,-0.112767201894297
"281","19/10/2017",2017,"Shikmona",1,"Out","Fall","1 D Shikmona 2017 Fall Tal Gavriely",4.25148054915663,4,12,54.4637305366709,1.07513932400537,-0.580797046291793,0.00178592985844214,1.06089909690452,-1.03271486540525,0.366442386285159,0.511563120955815,0.533507408982743,-0.363326208478384,-0.967950562554417,-1.06968712631965,-1.24288150662057,-1.32253715645514,-0.65980001152942,2.32128058592453,-0.422867593483841,-1.17347619998944,-0.886584430342666,0.968853603031716,-1.25555658774515,-1.11481578153048
"288","29/04/2015",2015,"Achziv",10,"In","Spring","10 A Achziv 2015 Spring Shevy Rothman Shahar Malamud",12.9869460393162,7,80,2458.27374352407,0.939080419724831,-0.92035377424807,-1.71521247449191,0.381206049068383,-0.821245382364154,-1.10679708078175,-1.09826777082917,-1.09125406030226,-0.459601889988279,-0.0383658640984016,-0.400300609934668,-0.687790014706276,-0.49009796907795,-0.249462939169687,0.880270882788303,-0.27905151585988,-0.301779766521362,-0.0392007300012107,-0.95022199185058,-0.669846536490347,-0.690832550274825
"323","07/11/2017",2017,"Gdor",10,"Out","Fall","10 A Gdor 2017 Fall Tal Gavriely",4.83205085678704,4,32,1401.34991208471,1.14593455574708,5.38764838418862,1.60112720083911,0.996895641246792,0.0826698421667276,-0.173378251252766,0.28514912539836,-0.107010574544908,-0.869914552635669,1.39943859079194,3.06125261,1.75618062859143,1.79917194552514,0.537507422781423,-1.05663029644152,0.0919213940223716,3.21265059591383,0.897069478046786,-0.588907252981918,2.25027405788776,1.48642462320277
"334","29/04/2015",2015,"Achziv",10,"In","Spring","10 B Achziv 2015 Spring Shevy Rothman Shahar Malamud",12.7087721113889,7,159,6984.55473043874,0.697032250728444,0.0345555003622711,0.751641212593058,0.0510004603934807,0.480493591250574,-0.555999176274595,-0.630350174917681,-0.682935291669322,-0.782406596207839,0.507720142127837,-0.253415871808661,-0.0819552728673421,-0.180760672362827,0.0393402360309086,-0.851039061927913,-0.693856192659562,-0.18727326211819,-0.79236475837747,0.40872638595683,0.340285756175067,0.323454963218778
"377","07/11/2017",2017,"Gdor",10,"Out","Fall","10 B Gdor 2017 Fall Tal Gavriely",3.95811673340244,6,31,584.750310960266,1.41983823141468,-0.0669305208623431,-0.861770133872751,0.961484878928024,0.671241176185389,-0.746160163676421,-0.561758006327882,-0.561897218439514,0.0761054887412621,-1.13757471675692,-0.262667020235347,0.344681959338952,0.381489975134658,-0.821926655776831,-0.304927288036744,1.09356950147473,-0.137979072395019,-0.400672075398177,-2.01095184078889,-0.380581833747708,0.251662010209166
"394","07/11/2017",2017,"Gdor",10,"Out","Fall","10 D Gdor 2017 Fall Tal Gavriely",3.85990770785507,6,31,873.396964460554,1.56046739367797,-0.146889555802023,0.481966645738022,-0.727195166392238,-0.333786606938562,0.0662269187135456,0.937759010553449,0.163975517721756,0.995403309413956,0.983534135675368,2.34368595207126,0.398576587046269,0.523792583346316,0.475745409187823,-0.0994081200241755,1.16597272957622,2.10052220856201,1.61408648503572,-3.02287139860366,0.695470501757242,0.245319495582719
"405","03/11/2015",2015,"Gdor",11,"Out","Fall","11 A Gdor 2015 Fall Yoni Belmaker Idan Doyev",11.8333566214894,6,33,365.720928229198,1.25520251597751,-0.501605234314881,0.287349655730764,-1.28546536639818,-0.658011726517131,-0.377043611386808,-0.397957284284749,-0.330626047907933,-0.492983929030737,-1.26327698208977,-0.691878715758603,-0.507836151295728,-0.734684466894618,0.425381776445596,0.0438677275927055,0.160402497864937,-0.67545979966086,0.315159821033486,-0.138305441873593,-0.814826249901306,-0.487069170364418
"447","03/11/2015",2015,"Gdor",11,"Out","Fall","11 B Gdor 2015 Fall Yoni Belmaker Idan Doyev",12.5637816937349,5,36,433.222388502917,1.46105303363295,1.57887743992302,0.702330198936998,-0.183624054099763,-0.845880247047546,3.41272649554327,1.45892064574621,3.52809816301652,0.224113246636971,-0.496997750828354,-0.466423824877757,-0.833988286721434,-0.863937482416624,-0.967501270202129,1.37664760742296,0.750363271773041,-0.265777097007116,0.195459474064504,-0.468667409353924,-1.09130025230197,-0.764105517680844
"469","28/04/2015",2015,"Shikmona",11,"In","Spring","11 B Shikmona 2015 Spring Nir Stern",12.0114127941844,3,57,2895.65750371928,1.04301611940612,-1.12291668822331,-2.38737258476537,-1.06787487867016,0.787841884038139,-0.018375238173537,-0.414024115425457,0.254096040376074,-0.20151237731702,-0.0127618519593297,-0.365623914561597,0.0941666734847049,0.416537431695964,0.515188821199119,1.85812076771423,-0.706182761666531,-0.472291100305823,3.9802426474048,-0.870459001125471,0.156922151765554,-0.0253780354529751
"476","03/11/2015",2015,"Gdor",12,"Out","Fall","12 A Gdor 2015 Fall Renanel Pickholtz Ori Frid",10.7599466426087,5,37,783.191871998509,1.32322378971762,0.101087349483201,0.156912225242882,-0.136630899329688,-0.224034650563917,0.632142199185996,1.40430449620708,0.415741865214381,-0.488913057531196,0.445003787494767,0.0501648988605868,-0.537381986787869,-0.700506977100669,-0.269150883903501,0.247046096108505,-0.452467685682035,0.08447921358674,-0.352080922683663,-1.7478527366139,-0.609756149004185,-0.496446147830034
"506","02/11/2015",2015,"Habonim",12,"Out","Fall","12 A Habonim 2015 Fall Shahar Malamud",4.12465224897959,4,11,88.4932714173856,1.2406842919534,0.451241758871403,0.129760167190287,0.524032178846571,-0.145107120995375,-0.206361007289933,0.163524024987817,-0.444015269292918,1.0567020343904,0.0701216219645354,0.372944938363612,0.435462844761456,0.523171175122261,0.10421464493849,-1.23977829819105,0.607497520653198,0.504386664670009,-0.210455160918063,-0.100209642251605,0.279483416766525,0.198711701042068
"511","03/11/2015",2015,"Gdor",12,"Out","Fall","12 B Gdor 2015 Fall Renanel Pickholtz Ori Frid",11.075533030289,5,35,1221.74366240844,1.38276626625148,0.353454166041251,0.839504374644611,-1.10204322259277,0.414747140669466,-0.163123107372222,0.141681228118022,-0.420485427088449,-0.657840290776707,1.60321916096928,1.81921516306414,-0.70873254880726,-0.708585289009504,-1.02235162193973,-0.0865744880017685,0.0358711476762679,1.62381934765465,0.750110605621023,-0.406761734968162,0.237520189194612,-0.648553659853787
"545","03/11/2015",2015,"Gdor",12,"Out","Fall","12 C Gdor 2015 Fall Renanel Pickholtz Ori Frid",9.48167117419463,6,45,1123.6162457264,1.34724127851977,-0.82740314767432,0.638672819486464,-0.552769552749691,0.289458766973177,-0.742508736609968,-0.507081863849043,-0.745566977184433,-0.546845663147527,1.01537497459084,1.09117339400474,0.434582671628393,0.34706392929547,-0.871026215460823,-1.54341654548834,-0.607360894463775,0.856591880554631,0.292641904556766,-0.901411778496019,1.59541121121176,-0.0240304204391744
"593","02/11/2015",2015,"Habonim",12,"Out","Fall","12 C Habonim 2015 Fall Shahar Malamud",3.28521367524786,5,79,1199.37846005603,1.08396534356104,0.899514375838906,-0.712855641121345,0.653252251918858,0.12649544047631,0.594775045030093,1.29729792822664,0.601659042777911,1.0745045807398,1.08638867748074,0.702996605471569,-0.513960907959329,-0.275836221822485,-0.658349817988608,-0.0661196027104107,0.941534508120006,0.804200184059334,0.17708958151222,-0.606169415176764,0.183674993034592,-0.53045200458875
"622","03/11/2015",2015,"Gdor",12,"Out","Fall","12 D Gdor 2015 Fall Renanel Pickholtz Ori Frid",9.26907050112195,6,50,1136.33468638063,1.23727739637042,-0.831527493194923,0.594663567367891,0.382137565468843,-0.494810901562722,0.720203270776946,1.70365210436681,0.636014500595758,-0.813874843291014,-0.0056538430530314,-0.0832881059745746,-0.515287865231991,-0.516321419365041,-0.0912334118914052,-0.736716437144286,-0.0811886642321948,-0.0220454589410582,0.636336007966296,-0.0621138366473736,-0.153955761585581,-0.305182867128475
"660","02/11/2015",2015,"Habonim",12,"Out","Fall","12 D Habonim 2015 Fall Shahar Malamud",3.08455084132584,2,113,485.220036803646,0.232291225621488,-0.0491543244585659,0.721173948380481,-0.401953715801369,-0.520179578863562,0.491446119683569,0.76505829473686,0.509553615513329,1.01791078622942,0.00532628940115604,-0.144399335560287,-0.738779358287974,-0.444610843860662,-0.804368309116346,-0.462424841349405,1.21545004598136,-0.0238030793126827,-0.0552002346880258,-1.07224765086376,-0.541456415294939,-0.740070363662111
"693","02/11/2015",2015,"Habonim",12,"Out","Fall","12 E Habonim 2015 Fall Shahar Malamud",3.04257255386458,3,46,159.733053674911,0.445981228516748,-0.468402412136398,1.27886480508393,-0.460462952748658,-0.757673652749728,2.15457866553793,3.03434514288731,1.55668916632359,0.281975485489828,-0.0776284836494996,0.405621920868714,-0.824014186702327,-0.807265004170227,-0.335882423493992,1.21950651247791,1.37366045131063,0.584679806795311,0.757814098191277,-1.42225276801527,-0.853293256853623,-0.801182344678181
"705","03/11/2015",2015,"Gdor",13,"Out","Fall","13 A Gdor 2015 Fall Yoni Belmaker Idan Doyev",3.06485095533613,3,34,234.466847012698,0.926146809040467,0.953956101643203,-0.168630446245966,-0.404334850035223,0.528263934425298,-0.295396228975589,-0.417351140089226,-0.585426283068573,1.21240469534096,0.499665730072709,1.96879994950392,0.429202108789334,0.771361838639996,-0.515401571036298,-1.34574948801701,1.36425307506982,1.87684870605627,0.37500997665181,0.0325303946007275,0.944413872337074,0.358542812677987
"732","12/11/2015",2015,"Shikmona",13,"Out","Fall","13 A Shikmona 2015 Fall Nir Stern",13.9076099504,5,70,471.726174223853,0.893335251955938,0.523134779805599,-0.32151140160053,1.32350240816916,-0.623725341192708,-0.557666157080954,-0.146358777516241,-0.641681090081285,-0.86483104678993,-0.803957554215189,-0.846005520979933,-0.130690814175826,-0.167213975076889,0.341356797660479,1.12564298404729,-0.596493913026622,-0.925519270522663,-0.694589772606577,0.737302597874305,-0.53395667023974,-0.357698893839079
"747","29/04/2015",2015,"Achziv",13,"In","Spring","13 B Achziv 2015 Spring Shevy Rothman Shahar Malamud",23.5374548053465,6,38,3045.19190557134,1.19569414783144,-1.23594506400302,-3.98477790428474,3.59100075204502,0.545000906340213,-1.48605601553252,-1.85966014886391,-1.33427381976002,1.56023453030641,0.564311874410665,0.303793624315371,5.44695660153088,3.85218224900112,1.1365483541208,-1.76004158754752,-0.63067232238543,0.306949055412298,-0.545260589735382,-0.0115178138899076,1.81927260226466,5.610531778262
"770","03/11/2015",2015,"Gdor",13,"Out","Fall","13 B Gdor 2015 Fall Yoni Belmaker Idan Doyev",2.65747746415842,4,60,353.296350906845,1.06011746914352,-0.0232131421496162,0.944807303029096,-0.235895561119721,0.123327684702086,0.701700856454348,1.41056991023388,0.732003746013302,1.60486643696977,0.790961842330851,1.07040254989112,-0.257473211638391,-0.0368424092635921,-0.605791055079995,-0.75107731752278,1.76743135712621,1.16090864973768,0.665372234991339,-1.46689628020619,0.084724755347854,-0.24610894191647
"811","12/11/2015",2015,"Shikmona",13,"Out","Fall","13 B Shikmona 2015 Fall Nir Stern",14.4905216567647,3,75,1041.60846316876,0.938244077217504,-0.200659200747349,-0.0862927575371402,-0.34083178533999,-0.285907740257821,-0.0189904676424232,0.101117541522338,-0.263220275305839,-0.802592700771005,-0.915612449067401,-0.534932832513802,0.434686752860527,-0.0256570487402938,0.878536272397034,-0.0776728566947199,-0.782724563045129,-0.460462805068755,0.11664680510596,-0.137114918224254,0.157311839554649,1.04068764514356
"831","03/11/2015",2015,"Gdor",13,"Out","Fall","13 C Gdor 2015 Fall Yoni Belmaker Idan Doyev",2.57104655296429,6,47,421.73142797939,1.16207432872503,0.789584604300974,0.224354178248069,-0.15015792316703,0.373305636892527,-0.688946348238391,-0.695847365131822,-0.799666098662649,-0.0858529381307444,-0.681849709938407,0.974606987094246,0.0670358904188667,0.340974124453027,-0.226913350505959,-0.570935415838728,0.307800646847551,0.980477248313553,0.877514457071039,-0.941293357609822,0.451431587605887,-0.200603075252747
"863","06/06/2017",2017,"Achziv",14,"Out","Spring","14 A Achziv 2017 Spring Itai Granot",11.3060703731159,7,51,1030.95650285109,0.573005788809338,-0.558207967886571,0.143495906449573,-0.327166930684063,0.279640907105904,-0.410485329201138,-0.73140394458994,-0.252684021474179,-1.35639350003509,1.05868506793401,-0.827511280153488,0.17393072352867,-0.0283912414288452,0.235494190783708,0.996331294901337,-1.14090714781344,-0.918696685611436,-0.755625068559096,0.603967299197279,0.453551728379063,0.0046593298447423
"876","03/11/2015",2015,"Gdor",14,"Out","Fall","14 A Gdor 2015 Fall Renanel Pickholtz Ori Frid",2.58036362305147,5,34,1505.02285613473,1.34937033579829,0.111199079099298,0.960616615949974,-0.0247412754629971,-0.459482045728309,-0.0281865701828911,0.644929311068038,-0.28860142771719,0.201832164807777,1.56053413090781,1.58407140733225,-0.523021855801103,-0.362336323551228,-1.06727019157147,-0.381837907209515,0.789867816590274,1.48545776276411,0.219755050421773,-0.0281847740823749,0.0296242527402985,-0.606356339097653
"920","12/11/2015",2015,"Shikmona",14,"Out","Fall","14 A Shikmona 2015 Fall Nir Stern",4.4945896567479,3,12,144.299079698969,0.721463686692511,0.601414955166123,0.635064963106782,1.11263345545031,0.495156791404907,-0.59589021359076,-0.221492660961348,-0.475554503037287,0.23762182186314,-0.736704982749502,-0.143616410166743,0.573967728029542,0.916895772864219,0.255689046477403,-0.498692380835264,-0.131453930688254,0.117159087379878,-0.363339788613471,0.71408797895297,1.11874643528166,0.225469057164818
"928","05/06/2017",2017,"Shikmona",14,"In","Spring","14 A Shikmona 2017 Spring Itai Granot Shevy Rothman",13.3758368536792,8,104,6399.00208952884,1.34624052901133,-0.318305269969156,-1.07974642143553,-0.0273825404821284,-0.466742172737887,-0.493069081569514,-1.12025980540813,-0.285748082248412,-0.575307827171163,-1.44041018632243,-0.9085115254103,0.232857823526572,-0.0459149803262671,1.1781830343153,0.56221108120199,-0.748743191079515,-1.02186371919108,-0.525113031347196,1.18552341552401,-0.0797040803474034,0.523756358613528
"979","03/11/2015",2015,"Gdor",14,"Out","Fall","14 B Gdor 2015 Fall Renanel Pickholtz Ori Frid",2.74538087337778,5,38,7523.71641260379,1.39879580300252,0.354589869115356,0.524629107414452,1.0251543978033,-0.552641596974957,0.259395976483669,0.103851324919278,-0.0239776185990239,0.417711282616237,0.472147560863926,1.2959899409133,-0.342382491211499,-0.233953271049484,-1.05961734930936,-0.327608651100976,0.61534431380183,1.31309556057551,0.0674630077819531,-1.82999682847777,0.284467050293623,-0.505706019959298
"1012","12/11/2015",2015,"Shikmona",14,"Out","Fall","14 B Shikmona 2015 Fall Nir Stern",4.73265687687097,3,19,694.819524845734,0.856997754778065,-0.548586952608414,0.256541222796615,-1.53115069711161,0.287214275665714,-0.308086679264968,-0.0159588916721343,-0.593325233898163,-0.0540567892931278,-1.28339474098525,0.425611895384899,0.288690896377826,0.311643629298569,-0.375518406270071,-0.548353444166053,-0.0851849090187599,0.551818136715329,0.103017569176828,0.907543184488404,0.360344122213999,0.335745700773689
"1025","03/11/2015",2015,"Gdor",14,"Out","Fall","14 C Gdor 2015 Fall Renanel Pickholtz Ori Frid",1.90894861968142,3,28,601.270021370267,0.70053999472734,-0.350181431955169,0.244256947624008,-0.33902638442975,-0.399200577777704,0.103594216096855,0.725994063523088,0.121266065504987,-0.497193002928516,0.454984199391263,-0.725749229080025,-0.910345330316011,-0.954663164315647,-0.587507694384809,-0.36352842120497,-0.244858395564468,-0.672910833913631,-0.162456503928274,-0.487120059304704,-0.809543106250136,-0.818855920350111
"1055","12/11/2015",2015,"Shikmona",14,"Out","Fall","14 C Shikmona 2015 Fall Nir Stern",4.51577114427273,3,24,430.329163800848,0.829295806308761,0.162082606953334,0.426743993681225,-0.795652918349985,-0.495282414258902,1.08546465923287,1.53818116698026,1.17766925527117,-0.849552630190155,-0.675510456291388,-0.908490204921233,-0.922003140232889,-0.853994943337562,-0.866663000327293,0.325891042296255,-0.675201907150056,-0.925460182558086,-1.1182816733981,0.48015598631916,-1.05326369541643,-0.895620712525254
"1069","03/11/2015",2015,"Gdor",14,"Out","Fall","14 D Gdor 2015 Fall Renanel Pickholtz Ori Frid",2.50117412939231,4,39,1046.27888715342,1.07456570200463,-0.560847694074002,-1.35961374902888,-1.09369760260919,0.917129067495537,0.339219208810715,0.953309357939675,0.424519924663645,0.195331014046151,1.10825124973924,0.792861386665554,-0.108587448469519,0.158031381916477,0.0405723269547031,-0.635302064145448,0.118035892039406,0.908854483120029,0.564041726976136,-0.0662805737043754,0.712659140394157,-0.240735085734625
"1107","12/11/2015",2015,"Shikmona",14,"Out","Fall","14 D Shikmona 2015 Fall Nir Stern",4.05734757585621,2,9,152.206734363193,0.636514168294813,1.16766094944191,1.0390299643056,-0.926980199755232,-0.430711739271211,1.16493470541342,0.856950057762555,1.18623956811661,-0.742023441469354,0.766762876253875,0.542628898453956,-0.692555936276554,-0.496436336210789,-1.07980958784924,-0.119903865398508,-0.202351405101574,0.722761290398175,-0.16897483829813,0.383130755630211,0.0896142892988388,-0.729747792350402
"1152","29/04/2015",2015,"Achziv",15,"Out","Spring","15 B Achziv 2015 Spring Yoni Belmaker Adi Barash",10.6532844868182,3,91,3343.14497977443,0.813449307518841,-0.389166204817259,0.846569203136547,0.440670340050499,-0.559300175301703,-0.773216485593216,-0.859595573204146,-0.706126048795746,-0.815667199485459,-1.59925774821007,-1.08799294791031,-0.686906751198131,-0.875744241171726,-0.3048221717664,-0.1629890894963,-1.36664740391189,-1.3347837327519,-1.33990509557169,1.40100281204709,-0.871652498336734,-0.358807417549121
"1199","05/11/2015",2015,"Achziv",2,"In","Fall","2 A Achziv 2015 Fall Hezi Buba Renanel Pickholtz",12.6105421868367,4,31,4338.13879973519,0.852407314415586,-1.07594843922572,0.484527975084242,1.53161628589623,-0.805002335152273,-0.211325256566243,0.653573007370629,-0.212551407778754,-0.105642814832591,-0.303689966763475,-0.721417224844592,-0.617173630045072,-0.805027929817312,-0.0784884563415283,-0.673747812666073,-0.58196808904912,-0.833359980735504,0.138572106750169,0.0920551114212427,-0.997361073079798,-0.571899708241468
"1222","18/10/2017",2017,"Achziv",2,"In","Fall","2 A Achziv 2017 Fall Ori Frid",12.5451055530631,6,19,3806.12187637708,1.4994226308586,-0.036459223417115,0.247962355521998,-0.162099164251933,-0.47097233896443,-0.992143438331381,-1.03324698719593,-0.97974844378425,0.234588688742204,-0.19403393982028,-0.101206063000661,0.263606670419182,0.0495334063238267,0.904406602725459,-0.974394528135365,-0.185376474739172,-0.119383482976994,-0.0741627361174551,-0.760933637034522,-0.258094261166788,0.0984289681271342
"1235","18/10/2017",2017,"Achziv",2,"In","Fall","2 A Achziv 2017 Fall Stephane Martinez Shevy Rothman",22.7302059632867,8,54,2623.14544521311,1.52334155775958,-1.06341931556794,-2.12444998772779,-0.220415725759066,0.890269738545992,-0.871263820641946,-1.36881354443049,-0.775763537862623,-1.5633774419911,0.466323202252653,-0.538749582558307,0.958694958813342,0.772604661333263,0.413400692060981,-1.25340427388976,-1.21721792815604,-0.645683973294309,-0.929249917118387,0.402178655441235,1.31907128700167,1.24468447437238
"1278","07/11/2017",2017,"Gdor",2,"In","Fall","2 A Gdor 2017 Fall Itai Granot",3.52025838547312,9,72,3228.75844363915,1.10654119552524,1.6509419314415,0.61470001308832,0.741757696800417,2.36421338648017,-0.0964864652122108,-0.800461236830794,0.0243519211163518,1.39368937188727,0.932903552564517,1.43871188557287,0.913204778697084,1.1985182268144,0.726065145713591,-1.04281797895737,2.43073663018262,1.4649424659327,0.640484049756924,-0.410928460060703,0.251722245042807,0.563487464566228
"1298","19/10/2017",2017,"Shikmona",2,"Out","Fall","2 A Shikmona 2017 Fall Yoni Belmaker Mai Lazarus",7.22418701943182,3,34,239.71065797704,0.677908725644198,0.537394478564397,0.284477102858914,0.33967127095985,-0.815504894783169,1.42480541183785,0.353804749554259,1.53387104009897,-0.496051610905524,-0.891813920513706,-1.02998761862415,-0.774599852318516,-0.949816175921314,0.266799892802428,1.59375474854146,-0.675104254551888,-1.15457217607105,-0.522150171578536,0.48491796725414,-1.08221510339946,-0.735477716137415
"1321","05/06/2017",2017,"Shikmona",2,"In","Spring","2 A Shikmona 2017 Spring Shai Einbinder Tal Gavriely",7.89949851972393,2,10,15.3891910130083,0.610864302054894,-0.525811759899158,-0.294513601592043,-0.948208208293628,-0.814952946515688,0.507823599216229,0.511043152769188,0.648400030154787,-1.97399891836836,0.932072520886457,-1.00808866651506,-1.17329418915271,-1.37175273101675,-0.808146731905434,1.10517418133717,-1.34724035308056,-1.12792086631402,-1.30731342372243,1.77481776208675,-0.825944497590822,-1.00673725677934
"1326","05/11/2015",2015,"Achziv",2,"In","Fall","2 B Achziv 2015 Fall Hezi Buba Renanel Pickholtz",12.7127498024299,2,24,730.11026915977,0.62007570989757,-0.158113085105639,0.442990932224695,0.337317734276772,-0.495870867533718,1.55442786457534,1.02559293461378,1.65235466841597,-0.421608095807228,-1.31604667113883,-0.699375094272558,-0.902057795394467,-0.860706162649217,-1.02462609493905,-0.523740147611282,-0.573373224342717,-0.734376326570402,-0.698737820352571,0.896233467055587,-0.805854794701717,-0.638097051360679
"1338","18/10/2017",2017,"Achziv",2,"In","Fall","2 B Achziv 2017 Fall Ori Frid",11.9167173391667,3,18,430.015903875477,0.425848449238581,0.3458512344419,-0.108431803336307,-0.995316972973929,-0.439978489202793,0.848545951676488,0.296794393449822,0.891339278556785,0.705152367937523,0.439491462924003,0.075101080371985,0.242222365851815,0.147094592426797,0.127592644541372,-0.877575525134566,0.0956821698400313,0.159023753042941,0.00227968790493877,-0.255569060129499,-0.132696179986117,0.28931198274791
"1350","18/10/2017",2017,"Achziv",2,"In","Fall","2 B Achziv 2017 Fall Stephane Martinez Shevy Rothman",23.1720650594615,7,27,2970.41567321347,1.62379038226365,0.266642935810387,0.19340533282688,0.240408460537472,-0.659186606071373,-0.195628032571097,-0.917545795515203,0.0761112809428485,-1.93908625062958,-0.821920484898029,-0.899912239939359,0.727109851442935,0.652921326466345,1.05413141872558,-0.937926217412767,-1.2223385643969,-0.850217888136894,-1.46197574703066,1.47064662095317,0.229996140557123,0.517547274010861
"1381","07/11/2017",2017,"Gdor",2,"In","Fall","2 B Gdor 2017 Fall Itai Granot",3.79935418147619,7,48,2622.34404006268,1.57282112758315,-0.866189463945571,-0.567794755695921,-1.33403217062443,1.47491015154549,-0.713601526525714,-0.615593727587027,-0.778974580175335,1.67896770547071,0.634181481979805,1.62899826110433,0.49505947997083,0.942373531283994,0.308225476712496,-0.218161120370376,1.96255752369898,1.58625329583563,1.70949123778127,-1.21510688149957,-0.0915852553144259,0.392671017231253
"1404","15/10/2017",2017,"Habonim",2,"In","Fall","2 B Habonim 2017 Fall Shahar Malamud",2.72985484347059,8,458,11663.6624047102,0.858950371608218,0.393636205493035,0.738248289858376,-0.765370200898912,-0.433989872379109,0.124414293005212,0.501884517021604,-0.238801592468765,1.71315336977649,0.841962642522591,0.648448849946539,0.6334254315175,0.939763614744514,2.23813115524997,1.50973286479232,2.73358568785601,0.876059971126564,2.37317641161097,-1.42939573642663,0.368940781579829,0.446666019698591
"1426","19/10/2017",2017,"Shikmona",2,"Out","Fall","2 B Shikmona 2017 Fall Yoni Belmaker Mai Lazarus",8.07546290286957,6,29,4148.93188930635,1.58498915520923,0.911399234752622,0.480845521056866,0.491989862436275,-0.904513877968271,-0.0400230359785565,-0.759501661972263,0.0373178390448367,0.0448822321154387,-0.125710693086118,-0.768981496339075,-0.955482864340583,-1.06365826324006,-0.350765491051652,1.01548888288275,-0.100906977323808,-0.764604519735521,-0.7153299517827,-0.291283860310664,-1.01255421597282,-0.681612175198171
"1446","05/06/2017",2017,"Shikmona",2,"In","Spring","2 B Shikmona 2017 Spring Shai Einbinder Tal Gavriely",8.1260575031686,2,14,274.121171046136,0.257318640543832,-1.02188230633524,-0.714246677322014,-0.260851572843257,-0.127261140107839,-0.720789788278357,-0.611840128620573,-0.530858143296981,-1.41977968460885,2.70901886157428,-0.55283893802466,-1.05907485239,-1.11573231788058,-0.882193653441366,0.476719214287162,-1.17147561276456,-0.71869971539068,0.0650926913811561,0.434917230250252,-0.58245444135145,-0.849275797096462
"1455","05/11/2015",2015,"Achziv",2,"In","Fall","2 C Achziv 2015 Fall Hezi Buba Renanel Pickholtz",12.1319857247826,3,13,468.695087662472,0.557675470733019,-0.273617729340358,0.600682522360666,-1.62559798761507,-0.688009514230574,-0.147971619084115,0.295212900064807,-0.336789369386371,-0.633967693046523,-0.0588297380350247,-1.01487077914711,0.0659133156806169,-0.397259496469273,1.45047597493528,0.296341079107934,-0.563978237096071,-1.22022387078378,0.024797491229298,0.895638294964371,-0.805818717894307,0.506022918487783
"1469","18/10/2017",2017,"Achziv",2,"In","Fall","2 C Achziv 2017 Fall Ori Frid",13.122791362234,6,15,3770.11078668495,1.58216994292525,0.841405971950015,-0.764287660919563,0.922583453422934,-0.787942316673398,-0.306558157503351,-0.212163946938725,-0.499073194870776,-0.494173328471321,-1.417484874329,-0.96042145830596,-0.945407481288216,-1.16793065991146,-0.819930527122357,0.15882739478227,-0.760550277948923,-1.03774362281372,-1.06139440732539,1.0271877782562,-1.06884103877004,-0.802506710967068
"1480","05/06/2017",2017,"Shikmona",2,"In","Spring","2 C Shikmona 2017 Spring Shai Einbinder Tal Gavriely",7.10989700622807,4,20,1188.21234715523,1.14212004298834,-0.697459954381998,-1.71990909989331,-0.173470330002588,-0.699857120575231,-1.29912213697286,-1.59103438835285,-1.26403257596438,-1.18922218791645,-0.428559751938733,-1.05449404645162,-0.794196698571497,-0.94757910406646,-0.0710532182076202,1.65895914423855,-0.876311064429428,-1.20047313443656,-1.30790599686723,0.740278841193095,-1.009776215037,-0.778100034406882
"1492","05/11/2015",2015,"Achziv",2,"In","Fall","2 D Achziv 2015 Fall Hezi Buba Renanel Pickholtz",11.5473708785567,4,17,962.303827401428,1.2930224700644,0.550137115387383,0.271524670541749,0.440812254505647,-1.05409799113955,0.664892497139125,-0.569633933715001,0.846544134270872,-1.08673901318838,-1.42120600422866,-1.14958642763872,-0.332982758719687,-0.261295259137549,0.782720587349323,0.426918152984863,-1.1082880299415,-1.35951918216736,-1.46138318579669,1.39326455788215,-0.426814368458603,-0.405891042322628
"1497","18/10/2017",2017,"Achziv",2,"In","Fall","2 D Achziv 2017 Fall Ori Frid",9.89979104489474,3,5,212.470242955699,0.950270539233235,0.538468476712425,-0.292640625499268,0.523882560152487,-0.0590238745358682,-0.37939319256118,-0.7824749734437,-0.279921478637689,-0.932518133382355,-0.721766621128985,-0.915909698615725,1.52057639959672,1.02477233773475,3.39000601127444,-0.465272215070041,-0.608407530003113,-0.975872551253094,-0.789401952207325,0.754564807926969,0.707252136782999,1.86180287015927
"1501","19/10/2017",2017,"Shikmona",2,"Out","Fall","2 D Shikmona 2017 Fall Yoni Belmaker Mai Lazarus",7.81087403885227,4,15,151.493883596287,0.988154224290194,0.0331543468733875,0.335058360706008,-0.131517313735626,-1.09544981864445,-0.167029388978304,-0.724892727507645,-0.0364978822649701,-0.602975370740924,-0.761365638713824,-1.1516039236633,-0.912123195247154,-0.836098369747766,-0.0193793554421107,0.807932217303571,-0.882556842266144,-1.36436518604665,-1.56449144302326,1.06766457133682,-0.831695749675253,-0.858704341651825
"1513","05/06/2017",2017,"Shikmona",2,"In","Spring","2 D Shikmona 2017 Spring Shai Einbinder Tal Gavriely",8.12504682469853,3,34,263.455718448305,0.354598827552649,-1.06495458951578,-0.594565650659572,-0.137819529797231,-0.80945439310872,-0.860811885173462,-1.17893916883081,-0.956818740561673,-0.72624512492139,1.00154762994273,-0.837059977513093,-0.725592912719345,-0.436035403623938,-0.44943858928528,0.641183604917746,-1.11695955135572,-0.856475697478534,-1.07857907616799,1.46886091324815,0.0410075424683894,-0.778370605549419
"1525","05/11/2015",2015,"Achziv",21,"Out","Fall","21 A Achziv 2015 Fall Itai Van-Rijn Yoni Belmaker",21.7002274341667,4,139,207.952968257044,0.886197078889388,-0.405861563455438,-1.53227231908574,1.60133727090158,-0.877262155847433,-1.20559991423215,-1.16535497148976,-0.993067571422242,-0.814021532892114,-1.23881673998991,-1.15383895477956,-1.38003509071672,-1.51132114279277,-0.871201166189086,2.92803007287426,-1.00456340658336,-1.41058747850008,-0.57251912114754,1.37540718172052,-1.27873167381214,-1.24656313734641
"1556","05/11/2015",2015,"Achziv",21,"Out","Fall","21 C Achziv 2015 Fall Itai Van-Rijn Yoni Belmaker",21.7928334515476,4,29,246.245836193029,0.689311539957163,-0.107237175538852,1.25881604475213,1.04584733457596,-0.880910702129385,-1.24756730261445,-1.35971555518553,-1.1211479662159,-0.57792979723758,-1.1884030389233,-1.12246449306963,-1.26088309449512,-1.35547182230679,-0.600456510872282,2.76103266534956,-0.883407803481958,-1.39060874079648,0.14983106796623,1.25457211216119,-1.3275603105503,-1.0435009128732
"1573","05/11/2015",2015,"Achziv",22,"Out","Fall","22 A Achziv 2015 Fall Itai Van-Rijn Yoni Belmaker",10.5709115707527,8,34,676.280279929847,1.74175746903218,-1.06710127521823,-0.575066334860318,0.255510155799444,-0.589217985405901,-0.539717280040578,-0.396021667587927,-0.510116633280516,0.0496639396281352,0.399607919096603,-0.979259015930843,-0.527042992944048,-0.706596780694079,0.179128324785523,-0.124366095546021,-0.873111172770618,-1.19433900291938,-0.376969030497993,0.0111015372245036,-0.554282404640407,-0.630238653030519
"1594","05/11/2015",2015,"Achziv",22,"Out","Fall","22 C Achziv 2015 Fall Itai Van-Rijn Yoni Belmaker",10.8316649313953,6,27,537.783183460815,1.51883133155624,-0.556896499634454,0.908189038153664,-0.0579401224141517,-0.757642715991133,-0.658639533877413,-0.452226191574235,-0.665637312608672,-0.735690758997565,-1.61482072546931,-1.08472537504766,-0.450307622889632,-0.752705307890263,-0.403437899705216,-0.499892165992705,-1.14612545852804,-1.34758883808465,-0.758588053390955,1.39921699666192,-0.87508286512322,-0.450626279987878
"1611","05/11/2015",2015,"Achziv",22,"Out","Fall","22 D Achziv 2015 Fall Itai Van-Rijn Yoni Belmaker",11.18161815875,4,41,647.905815277952,1.11025881504191,-0.4108748827166,-1.54085722945712,0.34929317877731,0.572742298760115,-0.976039616613965,-0.937506501094603,-0.929601705348516,-0.0765887074303,-1.75581314462783,-1.01256312014152,-0.83437366809993,-0.815591877120427,-0.769978089872834,0.80549240314581,-0.528344236183889,-1.234258746845,0.143312715730206,-0.43176207355896,-0.9636369727229,-0.876619527052378
"1642","06/06/2017",2017,"Achziv",24,"Out","Spring","24 B Achziv 2017 Spring Itai Granot",20.7462441520896,6,25,748.573938415023,1.45299786267694,-0.00657941726346454,-0.497559015662469,0.964026893791922,0.966239798444719,-0.267974869024188,0.521556718274515,-0.106552577527871,-1.85775401040505,-0.485639228866241,0.317161373906923,0.566040591490459,0.538333541035125,0.828271192506288,1.26549849469626,-0.609025996458177,0.13692033572857,0.471599857820796,-1.40022868470777,0.276754022453627,-0.0140466977739199
"1679","29/04/2015",2015,"Achziv",3,"Out","Spring","3 A Achziv 2015 Spring Shevy Rothman Shahar Malamud",4.68900559314286,5,73,2583.16155636052,1.07147134415971,-1.11191073006562,-1.80074783761152,0.0381028235428492,-0.269600449329532,-0.862886718051008,-1.07322903312975,-0.909833362622511,-0.860452357824399,2.00853705226087,-0.679114682768039,-0.321838695328134,-0.293857076557478,-0.0920692487275459,0.451849915880721,-1.02825790064102,-0.745082873996766,-1.06139436563766,0.326582312039649,0.579344206039037,-0.136508736716047
"1714","06/06/2017",2017,"Achziv",3,"In","Spring","3 A Achziv 2017 Spring Itai Granot",4.69743115407042,4,94,3440.49961145425,0.789416564810976,1.99454344395369,1.13334038970924,0.629347622290928,-0.400170458640753,-0.474080245862236,-0.242155856361082,-0.632333187425839,1.03511447287605,1.9273093715419,1.26382647521745,0.441022253913433,0.316242054153474,-0.0989331746160347,-1.07469486699262,-0.150123886800506,1.14350712733183,0.562856580686504,0.171818150004206,1.24292290922216,0.06031209257206
"1732","03/11/2015",2015,"Gdor",3,"In","Fall","3 A Gdor 2015 Fall Shevy Rothman Stephane Martinez",7.44530193857759,6,71,279.189915621048,0.954883905320841,-0.266733130187072,-0.219235131685063,0.434514878491996,0.255555474907743,-0.920427460013435,-1.181353496157,-1.00189777185025,1.74002286591821,1.92889642092241,0.858937706060079,1.6032875177412,2.02834750015017,0.758152170245159,-1.20573258032643,0.295413969458607,0.973360364836208,0.0822774019114843,0.395035693012098,2.48133567120736,0.966113567300949
"1749","02/11/2015",2015,"Habonim",3,"In","Fall","3 A Habonim 2015 Fall Hagar yancovitch shalom Yoni Belmaker",4.59901315342466,6,52,495.380043943559,1.25682727210802,0.0464161078815787,0.749703150291712,-1.45886897761011,1.2454731594866,-0.322706317041565,-0.31664456715073,-0.551100626654177,1.40486195290841,1.88512923632905,2.81833793250504,1.30739452409408,1.43751204062232,-0.824263881504661,-1.09994934122354,0.526053219351929,2.41852431839713,0.558708550806679,-0.427000128517349,2.26941583796728,1.38166568692726
"1776","05/06/2017",2017,"Shikmona",3,"In","Spring","3 A Shikmona 2017 Spring Itai Granot Shevy Rothman",6.9346357615894,6,146,2287.66540433116,0.95144454690168,-0.207307412158049,-0.857044073938831,-1.06540482436687,1.33288032210335,-0.508599736596596,-0.171867455573574,-0.623589974710641,-0.253705024240102,-1.29468355242252,0.027940066125543,-0.340010800793786,0.00702905107386587,-0.890730999980542,0.49645031110919,-0.709728469250165,0.125506265817804,0.0964992288515826,0.406940630393961,-0.684822482895585,-0.49691912948278
"1819","29/04/2015",2015,"Achziv",3,"Out","Spring","3 B Achziv 2015 Spring Shevy Rothman Shahar Malamud",4.28523212665193,2,101,671.585680780981,0.055737011726114,0.419953520938517,0.89587033402568,0.860483086647733,-0.636402605494351,1.7771300101739,0.282600390475963,1.81265384424407,-1.74206125862736,0.484222137198468,-0.39429075507676,-0.796058622155545,-1.04576168965026,-0.629959684517057,0.921059066372581,-1.01785566161245,-0.313900344357709,-0.480669848958591,0.618253242002232,-0.616745438610731,-0.508233731235634
"1851","06/06/2017",2017,"Achziv",3,"In","Spring","3 B Achziv 2017 Spring Itai Granot",4.46111044777,4,16,1047.31770392887,1.10343290963819,1.51353152530384,0.574728316189404,0.373910666358551,-0.578436013914357,-0.41910749912957,-0.389428472776096,-0.653534054782384,0.089087231837608,-0.33038239049795,-0.351107705254026,0.1833626597297,0.227629164213138,0.0196926425556751,-0.202190238100582,0.0966442287701304,-0.278639510500921,0.60196659881643,-0.333546373060745,0.14684829552235,-0.0106107045873943
"1860","29/04/2015",2015,"Achziv",3,"Out","Spring","3 C Achziv 2015 Spring Shevy Rothman Shahar Malamud",4.68068859523567,4,89,1864.26817754336,0.709627030762231,0.158888583648588,-0.221649572779516,1.0004251931427,-0.75119214117653,-0.504380365531432,0.224476893209045,-0.43458185288283,-1.34593892153206,-0.0793557641928641,-0.671277462866728,-0.632880091111236,-0.769359068779045,-0.543534318124936,0.793893274572528,-1.12853781871215,-0.639423493018655,-1.07798649706779,1.21826201426196,-0.336450605615899,-0.612794791202012
"1891","03/11/2015",2015,"Gdor",3,"In","Fall","3 C Gdor 2015 Fall Shevy Rothman Stephane Martinez",7.92058285216058,5,97,869.263535448142,0.619279561623271,-0.464111524269434,-0.609608740583079,0.834049659358377,0.297059706065986,-0.650418594704028,-0.543872637258247,-0.697771283677904,1.33067724542604,0.819248761060017,1.71260050422585,2.31176759471768,2.21327875100215,0.89727299235911,-1.41057800273865,-0.441758932474889,1.44689948577867,0.8609223315963,-0.430571603749682,2.51314740490834,2.35093465938851
"1928","03/11/2015",2015,"Gdor",3,"In","Fall","3 D Gdor 2015 Fall Shevy Rothman Stephane Martinez",8.02834745188514,5,54,653.711502530972,1.4261642160862,-0.97374031321806,-0.957694375648528,0.75650640517265,0.169781605125029,-1.37326135272595,-1.46984178430146,-1.26432381837994,0.178714728063221,0.743135287186219,1.96750187301596,1.36294456116998,2.09583249298621,-0.112370526628272,-1.41483403413361,-0.305977433476698,1.75462638946134,0.761369548970904,0.373606811706965,2.76479426982871,1.04122917110007
"1947","02/11/2015",2015,"Habonim",3,"In","Fall","3 D Habonim 2015 Fall Hagar yancovitch shalom Yoni Belmaker",2.97636501702105,3,51,521.108114181086,0.775280497098655,3.497831965573,1.20923878536004,-0.150127019089733,0.228106737870237,0.363875159755963,0.788938321070457,0.121428942156124,0.671629235965743,0.941915931241308,1.12124625087396,0.330324450354312,0.626946439718682,0.577794536460184,-0.233735116524063,2.4604230200257,1.08324498262779,1.41616608394074,-0.74664766431843,0.202470218046587,-0.112682052296769
"1972","05/06/2017",2017,"Shikmona",3.1,"In","Spring","3.1 A Shikmona 2017 Spring Hagar yancovitch shalom Yoni Belmaker",6.28142943814634,2,11,49.0543325898646,0.304636097349238,-0.240940301981042,1.33468581745978,0.282997750492801,-0.153084518485824,0.567838300071953,-0.988293843075466,0.872329882334915,0.344346169879907,-1.17737633354064,-0.893270393796095,-0.975976350647005,-1.11063676594682,-0.5494931658768,0.82002240959072,0.113174150387299,-0.964177437962771,-0.219343805733315,-0.10675734883829,-1.08063675339826,-0.833589974543165
"1981","07/06/2017",2017,"Gdor",3.1,"In","Spring","3.1 B Gdor 2017 Spring Shevy Rothman",4.50357281381356,5,69,2293.339211493,0.970321605617546,0.0555578820117081,0.714637236471263,0.371186221858853,0.802067901973533,-0.0900553633771404,-0.0907622591259284,0.0554451468901852,1.18235497063549,2.28821400035452,1.01624281033194,0.609527731871679,0.798330978296339,-0.070428881265399,-1.26660954154656,0.648126009316648,0.969243993466761,1.55601403098566,-1.40737159329681,-0.0431870730212391,1.10014603735532
"2007","07/06/2017",2017,"Gdor",3.1,"In","Spring","3.1 C Gdor 2017 Spring Shevy Rothman",3.32457030638947,4,55,3916.87510843217,1.10201666908838,0.337384005329058,0.352882495925447,-1.1944443667111,0.131299990025053,0.325302909512359,0.452560531957399,0.222555015312335,1.09558220773532,0.182839499857611,0.297953815219264,0.0414696897817466,0.0861965265159315,-0.955538116343924,-0.568376439661229,1.00399849763784,0.371912001529468,-0.0474967540285498,-1.06391419469644,-0.122214585823263,0.418450742623042
"2019","05/11/2015",2015,"Achziv",4,"In","Fall","4 A Achziv 2015 Fall Nir Stern Ori Frid",15.3548092864341,6,19,2194.09382922379,1.40577376104214,0.52572353962118,0.930948709026533,0.798489315568077,0.929126362252696,-0.387172478561585,-0.954033123556017,-0.115334503715593,0.25630927952048,-0.935325053334187,-0.817184238155533,3.9564983977538,3.13308801062253,4.7359787353221,-0.896993424286797,-1.15608768807411,-0.747609705702749,-1.13961445549601,0.930757875196491,3.44818355649904,3.75638563845848
"2039","18/10/2017",2017,"Achziv",4,"Out","Fall","4 A Achziv 2017 Fall Ori Frid",21.1986538187379,6,46,4986.56616431993,1.27221527326129,-0.0329601593270829,-1.63456612239606,1.99634472429827,0.507222585050103,-1.03158530328612,-1.18999984647566,-0.852438159127192,-0.564857574776177,-0.105692872109143,-1.03926595783663,0.310364110299077,0.187610430618111,1.46742392334867,1.14988006052739,-1.0950844059155,-1.27240843338043,-0.291045448069418,0.273010159625804,-0.141932668300388,0.0585037940879312
"2053","18/10/2017",2017,"Achziv",4,"Out","Fall","4 A Achziv 2017 Fall Shahar Malamud",12.7774165118301,6,54,2961.74377429879,0.977869196039123,1.05010389598108,0.494691837062005,0.143417133556099,3.21307660427878,-0.627634992941984,-0.416097662467696,-0.364576062915158,-0.45372828572029,0.579285620054037,-0.541970446275086,0.696506523733016,0.659383978491477,0.423356297216382,-0.423391817902286,-0.85022791393324,-0.398841403874323,-1.21901962613465,0.525989944390433,1.97422816182632,0.0650285083807416
"2062","03/11/2015",2015,"Gdor",4,"In","Fall","4 A Gdor 2015 Fall Shahar Malamud",7.85202443661765,6,45,652.574930892852,1.23700476247846,0.217649309450709,-0.693258407891036,-0.0442998201668858,0.507434195936378,0.170143646762433,-0.41998203294868,0.420488093524038,0.0431267447173263,2.10079536443182,0.987176600628386,2.03255494557111,1.79693487367029,0.94297351768138,-1.40071797681084,-0.518708567589321,1.02338909812766,-0.869399731723117,0.407535880254182,2.41411405576818,1.7774243708618
"2086","15/10/2017",2017,"Habonim",4,"In","Fall","4 A Habonim 2017 Fall Shevy Rothman",4.17940841249091,9,88,1717.69227062551,1.57292253171303,-0.983242176043382,0.269999835505585,0.0857567809863655,-0.456868587351237,1.0807052157335,1.12714107699943,0.987767980015811,0.225775476743243,0.968776497614474,0.642298186053404,-0.471528154377696,-0.650421429526538,-0.558571036084866,0.801759449737323,1.09175675496852,0.689906909747863,2.54917149319558,-1.02403266344051,-0.902955378383658,-0.118365589849712
"2119","28/04/2015",2015,"Shikmona",4,"In","Spring","4 A Shikmona 2015 Spring Nir Stern",9.98213737745806,1,115,1366.10999148312,0,0.528761980420343,0.819725490889688,-0.144453123080745,-0.827092113882753,2.58445938702549,1.1241616159844,2.78573487781328,-1.24494090961787,-0.0586566581982015,-0.417694760440153,-1.00963199500412,-1.148542701338,-0.944741240713217,-0.457861612454259,-0.906267008581136,-0.438281745657888,-0.719477951885591,0.89801922261842,-0.672192509537389,-0.907383422747409
"2125","05/06/2017",2017,"Shikmona",4,"In","Spring","4 A Shikmona 2017 Spring Shai Einbinder Tal Gavriely",13.6827991324581,2,18,107.646792735898,0.668248477664539,0.103662092910348,-0.537863527922601,-0.64373465166994,-0.471103777963829,3.06619659061162,0.105878359367857,3.30529015521848,-2.23505649308233,0.30233700840255,-0.638198581553263,-0.607550680750447,-0.74139567621402,-0.789370867453954,-0.315908748782993,-1.25355639498586,-0.757152868847593,-0.776365366843039,0.934329266677587,-0.0742351032815267,-0.517183975643697
"2137","05/11/2015",2015,"Achziv",4,"In","Fall","4 B Achziv 2015 Fall Nir Stern Ori Frid",10.9154938981282,6,63,6136.61530411086,0.930119759495481,0.786152803929228,1.15488623702552,0.0557371851289999,-0.780899303606406,-0.481989970396494,-0.177305777699302,-0.613460165407581,-0.751146604504782,1.11337604371639,-0.434954084738891,1.72328287675742,0.953807456595753,2.6920976756076,0.191209094803806,-0.551958409922708,-0.356520077692344,-0.616369724435946,0.210509193504197,0.823187117901076,2.39111553350174
"2176","18/10/2017",2017,"Achziv",4,"Out","Fall","4 B Achziv 2017 Fall Shahar Malamud",12.2993538516149,5,29,398.553808572609,1.02617122432412,-0.819175658747949,0.456962868767088,-1.41091016610465,-0.614492158157745,0.0647522942239375,0.589473000318883,0.0250354881007452,-1.59153134177299,0.642548599915109,-0.456173196536379,-0.223367341586714,-0.441130958055763,0.128167651818309,0.668722169973584,-0.790522113848191,-0.341450716787415,-0.678590202410468,0.525394772299194,0.159147362723291,0.26507161882435
"2186","03/11/2015",2015,"Gdor",4,"In","Fall","4 B Gdor 2015 Fall Shahar Malamud",8.15870149254375,5,37,640.766325043209,1.43589792824332,-0.349745319300058,-0.175584521103235,0.00512694509484199,1.06785697710152,-0.0292414231835658,0.121724761478308,-0.338073099066444,0.376859762764306,1.58500995041904,2.10662773659733,1.28847903430067,1.56191807649322,-0.528972882261804,-0.869115470711251,-0.155806047356409,1.80084832801412,4.81281200721525,-1.3389182183066,2.44452934025771,1.89777892871146
"2202","27/04/2015",2015,"Habonim",4,"Out","Spring","4 B Habonim 2015 Spring Ori Frid",7.09412129825714,2,58,708.273521834516,0.0870995231917752,-0.778591936306267,-0.56778018482177,-1.01015440427138,-0.122931423224587,-0.0579298362447285,-0.00888827674041687,-0.130750153192413,-0.576848929630092,-0.22770147382431,-0.422140865995462,-0.516488827404856,-0.133782177150255,-0.804878053158799,0.736278892351597,-0.228862397360874,-0.355206247093503,0.911291299031496,0.424798036466774,-0.696739728922312,-0.539196347136534
"2206","28/04/2015",2015,"Shikmona",4,"In","Spring","4 B Shikmona 2015 Spring Nir Stern",9.32142561004762,2,8,81.9359261352037,0.376770161256437,-0.239373291724017,-0.0268242203289798,-0.858965146307015,-0.342821726410943,2.36400141935621,0.366602044306254,2.68318209102841,-2.2785610401898,0.266501490332651,-0.918139360661152,-0.769922718308529,-0.86356463898103,-0.543396305057974,0.655654916891633,-1.42918123436839,-1.14727531968773,-0.879473522828,0.83789930977778,0.0706309022780709,-0.844984926336707
"2211","19/10/2017",2017,"Shikmona",4,"In","Fall","4 B Shikmona 2017 Fall Shahar Malamud",6.63312603647619,2,6,60.1671573937728,0.693147180559945,0.0138835983237538,0.211957512436744,-0.208944584536987,-0.312376562106747,1.66790333337101,0.846444694465406,1.94748118126316,-0.0648459450843579,-1.18995757380721,-0.949958672218772,-1.15643623329646,-1.05781701943898,-0.86173476709045,-0.163726484651417,-0.231417866393949,-1.03305222541971,-0.691626912837905,0.285510293027768,-1.11993723774783,-1.02470944517883
"2217","05/11/2015",2015,"Achziv",4,"In","Fall","4 C Achziv 2015 Fall Nir Stern Ori Frid",11.0917674009901,4,31,1909.23405997796,0.518700438574282,0.354264037723912,0.273331963468416,-0.325798483429851,-0.789318868166694,0.908423602332313,1.16986281781709,0.805706120488848,0.0133753699105675,-1.36113253461002,-0.802371438281755,-0.701925184207576,-0.527009639070135,-1.02928807098182,-0.523180645819244,-0.370916411258444,-0.831952701603931,0.215607032452725,1.1825471363118,-0.587869295718419,-0.736228506049242
"2226","18/10/2017",2017,"Achziv",4,"Out","Fall","4 C Achziv 2017 Fall Shahar Malamud",15.0303926476647,6,167,6159.80668909916,0.805440105057906,-0.532922517808522,0.454757573571199,1.71158478132773,-0.728034309742182,1.32158863965771,2.40393835576585,0.966002409121855,-1.92582380829341,-0.726365830438315,0.521204811248169,-0.550589033466477,-0.571626797520068,-0.488622576070198,-0.632479073499161,-0.530312083995455,0.410839575594574,0.632188001908004,-0.285926605586542,0.0137748449888385,-0.570538618294014
"2261","19/10/2017",2017,"Shikmona",4,"In","Fall","4 C Shikmona 2017 Fall Shahar Malamud",5.60941975513483,6,90,981.314174046722,0.841747521124443,-0.780189630145192,0.0347984701637846,1.0040682805668,-0.793957460886249,-0.67586117194427,-0.794655519922882,-0.594031872887235,0.0440694402741869,0.827368658387988,-0.771030723689367,-0.539958482977733,-0.687954518984063,-0.0366020086737231,-1.22536310108532,-0.134080139348546,-0.712027478113524,-0.0528299361534087,0.577776466868306,-0.814332274495326,-0.437142928922546
"2281","05/11/2015",2015,"Achziv",4,"In","Fall","4 D Achziv 2015 Fall Nir Stern Ori Frid",9.8528880598125,2,27,1542.65427163253,0.606307151879063,-0.573212402456464,-0.2814038159722,-0.16075861564109,-0.0255568054380733,-0.774903860327246,-1.04759240676558,-0.822112834784226,-0.740433019500892,-2.27117529032934,-1.04199862865314,-0.694736773200878,-0.797819589671958,0.248467854015578,-0.598929769467362,-0.755554971965712,-1.23144913542576,-0.890732436400935,0.820041819953743,-0.845759021820802,-0.374412547205282
"2295","18/10/2017",2017,"Achziv",4,"Out","Fall","4 D Achziv 2017 Fall Shahar Malamud",13.9054258558955,5,46,4107.70412642069,1.07140504982375,-0.579283569820931,0.765494525850597,0.842253541217992,-0.73764779531334,-0.890105312605693,-1.07841335794065,-0.931531167585445,-1.22199322825734,-0.842514675523902,-0.833444509421849,-0.417749995616907,-0.676520598668431,-0.55472422248345,-0.749314217795851,-1.08182732592177,-0.874377624539652,-1.02583983997509,1.03135452129545,-0.188995552062246,-0.437755149508481
"2300","15/10/2017",2017,"Habonim",4,"In","Fall","4 D Habonim 2017 Fall Shevy Rothman",3.56268317504545,7,60,3047.05771835468,1.19802187389955,-0.182710434764248,0.0926544058083058,-1.32929273792144,0.0963616787073106,0.149403284208452,0.546756549918258,-0.204059036877876,1.22403238370275,1.09324767902344,0.184985620477436,-0.124223433015535,-0.00179495520034945,-0.115723379742962,-0.110704072298416,1.9794556232938,0.314200991867226,0.411749690291706,-2.09845313353679,-0.459552884270816,-0.153487131377438
"2316","18/10/2017",2017,"Achziv",5,"Out","Fall","5 A Achziv 2017 Fall Stephane Martinez Shevy Rothman",12.2930900457143,9,63,4561.37171840462,1.11167834166766,-0.328026632577024,0.25390138763014,1.1216680740769,-0.275025543426437,-0.820400320232649,-1.10665864072251,-0.895607754521514,0.458395633545886,-0.491609671373287,-0.636089984698178,-0.48093623015792,-0.14099051854464,0.0140307575043653,0.168433725223045,-0.0399371051450257,-0.591582757747782,1.0161772697371,-1.2490359500468,-0.551990541217949,-0.676546740253521
"2345","06/06/2017",2017,"Achziv",5,"Out","Spring","5 A Achziv 2017 Spring Yoni Belmaker",8.41609626284884,2,17,80.0749788301901,0.677494404448707,0.60798159665075,-1.39452246690224,1.91657084021133,-1.15991419791435,-1.14654602968951,-1.51000059279941,-1.12304729118482,-0.277585725141951,-0.321025179855877,-1.11755093198981,-0.646296722213663,-0.954911727855075,0.520567482823259,1.70739231628838,-0.63788776436118,-1.27791515543696,-1.35827497025784,1.4801705947876,-0.980599785408324,-0.142342714266326
"2359","30/04/2015",2015,"Gdor",5,"In","Spring","5 A Gdor 2015 Spring Ori Frid Shahar Malamud",5.86328722245732,4,274,1172.06172496367,0.650242234215434,-0.0458642314690041,0.104011333917737,-0.182679907836529,0.186821795925541,-0.0581375356580689,0.106873903155927,-0.367372289108761,-1.34453499877872,0.664638209349073,0.701705918056625,1.58151838843378,1.2355541904421,-0.934293741580943,-0.271295684333303,-0.593152024111531,0.720111562296854,0.120794846896589,0.0920550815101031,1.11388591227941,2.43874373609689
"2387","07/06/2017",2017,"Gdor",5,"In","Spring","5 A Gdor 2017 Spring Yoni Belmaker",5.34182233159794,5,31,1158.78360580702,1.19262299772648,-0.742381251369907,1.06340850906067,0.926527101375469,0.326885133159589,-0.916238491712256,-1.18583815452339,-0.996971264654617,1.76999382083189,-0.0206565135477838,0.8656832037949,1.076326029202,1.12481914674169,0.300916276289881,-1.34861736986214,0.83694857548204,1.10670916792836,0.10301756917684,-0.843077639164916,0.0739216920040199,0.811015885840355
"2410","28/04/2015",2015,"Shikmona",5,"Out","Spring","5 A Shikmona 2015 Spring Yoni Belmaker",4.78727915048739,2,19,40.8187470521842,0.206192050633232,-1.17073500321956,-0.160231242124108,-1.04895486100408,-0.508675159681587,0.0163481965161169,0.0855805469230894,-0.32196976661296,-0.571043458256449,-0.570705442404399,-0.259046688064182,-0.833304002609227,-0.993190507930884,-0.421806334892057,0.546458306765334,-0.124977303914808,-0.195272478559833,0.0218346433714045,0.249200231021934,-0.726466591387149,-0.624952746594721
"2422","18/10/2017",2017,"Achziv",5,"Out","Fall","5 B Achziv 2017 Fall Stephane Martinez Shevy Rothman",11.9936468795349,8,38,1328.07613616558,1.56222085803904,-0.61846701297845,-0.238582776023885,-1.76777733095496,-0.87534858490344,0.0139909921973343,0.0873018969195055,-0.315232353051415,-0.264287096260371,-0.835059908872898,-1.02611338021478,-1.12348904999388,-1.30774762273659,-0.490134700636713,1.57161219370888,-0.600367466087286,-1.11146570074047,-0.698145259118527,0.627181942047512,-1.19997779951079,-1.04990332981153
"2447","30/04/2015",2015,"Gdor",5,"In","Spring","5 B Gdor 2015 Spring Ori Frid Shahar Malamud",4.88882304891791,5,151,1020.70541683297,0.822582740719716,0.572327676106224,0.362151173565708,-0.137309828591604,-0.353235591584705,-0.0945829693749625,-0.0363411293822601,-0.453418514583565,-0.465261768019958,-0.46495648324098,0.0469161738276512,0.0168169086119738,0.0991218305661954,-0.00810356018285175,0.204905859021488,-0.200631980630755,0.218750074072743,-0.189715005563498,0.0920550815101031,0.699532842898996,-0.0228003551576331
"2479","07/06/2017",2017,"Gdor",5,"In","Spring","5 B Gdor 2017 Spring Yoni Belmaker",5.26663617394624,4,62,1181.03295747555,0.98840995509168,-0.114930638488506,-0.164938007154602,0.981783201993381,-0.0206881064761934,-1.33437816507837,-1.43115587940086,-1.21579443162995,0.79615308044321,-0.555078533964022,-0.266645557551773,0.394990075326698,0.498314823677509,0.645037941593431,-0.484741258145948,-0.117064043566157,-0.109601558005965,-0.420227084463134,0.518251791923391,0.149240509741029,0.129664361985925
"2503","28/04/2015",2015,"Shikmona",5,"Out","Spring","5 B Shikmona 2015 Spring Yoni Belmaker",5.41478749114286,2,8,14.3136427655969,0.376770161256437,-1.33971128668185,-0.711943263698141,-1.38398813390483,-0.527201757841159,-0.520613316759506,-0.0634931916747519,-0.572313139438249,-1.05878278298741,-1.02306675851526,-0.904482707106971,-1.06849678733572,-1.06639246092474,-0.552349345475529,1.64654819826591,-0.732468557827086,-0.973763213572337,0.680779214176458,0.578966954624263,-0.815618950252987,-1.0259461020396
"2510","18/10/2017",2017,"Achziv",5,"Out","Fall","5 C Achziv 2017 Fall Stephane Martinez Shevy Rothman",13.4802335945714,10,92,4448.71831904236,1.5866783868784,0.95714397313853,0.148029254728582,0.0699251239369964,-0.568406903655469,0.956782418473807,0.721006554390696,1.18278821630971,-0.0724693570064799,-0.569192264674752,-0.655335938182611,-0.772418487654898,-0.964605697149551,-0.16175185579866,0.451996150294356,-0.237620614759068,-0.623978451163108,-0.584370643597656,0.13015085122094,-0.837362293804941,-0.738083126891586
"2544","30/04/2015",2015,"Gdor",5,"In","Spring","5 C Gdor 2015 Spring Ori Frid Shahar Malamud",6.09936468738849,4,193,703.387501177858,0.495112222042472,-0.90075899922424,-0.707264067238243,-0.349156716484033,0.135642856549952,-0.740239612086847,-0.760178171357564,-0.613671411306202,-0.730226203164964,-0.469448912165649,-0.0369698619407307,0.868934627890529,1.30515197273876,1.08647525382914,-0.518126067265292,-0.490540844014287,0.0633347378373891,-0.344377346737923,0.929567315653758,-0.0337138353343834,0.345280151560154
"2577","07/06/2017",2017,"Gdor",5,"In","Spring","5 C Gdor 2017 Spring Yoni Belmaker",4.69605498815789,8,37,1010.63209131232,1.34426006422166,0.0195518441632442,-0.523349520911343,0.688727746081028,2.02017918220923,-0.969472379547524,-0.74088227901185,-0.822944874456145,2.19175942810861,-0.440306253976904,0.326434650039055,1.91078785869563,1.88492635538657,-0.529556990872455,-1.069021964629,0.651166630349913,0.476084297774258,0.0633149779021036,-1.03772333245631,0.602081777681797,2.03913343548026
"2596","12/11/2015",2015,"Shikmona",5,"In","Fall","5 C Shikmona 2015 Fall Renanel Pickholtz",8.12995998263044,2,30,287.784988229663,0.244930026794635,-0.698026088407021,-0.240725788173022,1.07660065381361,-0.526688770641979,-0.407895385986983,0.0210015397655577,-0.454979527866565,-0.895383626018936,-1.25127615142014,-0.907448081990315,-0.224032534241817,-0.644083059895636,-0.24080493388695,-0.711876624004725,-0.695611300167177,-0.96256828068988,-1.2705737219933,0.933138796868309,-0.814860744682392,-0.0443292996186189
"2605","30/04/2015",2015,"Gdor",5,"In","Spring","5 D Gdor 2015 Spring Ori Frid Shahar Malamud",3.91654063017333,4,266,474.546655770532,0.271629023122837,0.447774408481252,0.824747626355306,0.136915284553189,1.42713216235314,-0.981131057700455,-1.07546944556135,-0.995829906125051,1.20256381571885,1.39111639467335,1.27764269200669,0.873009107180348,1.56601937426926,-0.271683031359683,-0.763796237167498,-0.147237710010209,1.29905828188769,-0.382894791723039,-0.453190984775245,2.6399497622487,0.416203790752862
"2622","07/06/2017",2017,"Gdor",5,"In","Spring","5 D Gdor 2017 Spring Yoni Belmaker",6.1314200601358,4,38,1402.47386553771,1.13555069716037,-0.639612931203608,1.73513634926793,1.55003739586892,1.54616394127843,-1.44130513702913,-1.97897393986565,-1.35391300314482,0.51283845891158,0.331001506421881,-0.457185752674936,0.287511632595812,-0.0579703076169219,-0.272507150684904,-0.592976104566279,0.0403637813592878,-0.466637763736049,2.11599840422092,-0.900816576493677,-0.562732451524687,0.390018001578032
"2642","03/11/2015",2015,"Gdor",6,"In","Fall","6 A Gdor 2015 Fall Shevy Rothman Stephane Martinez",4.09246331364706,7,89,1377.85391430241,1.19100600877013,-0.971386189430366,-1.84179034215201,0.421434472524998,4.16508173615261,-0.391707559953034,-0.7174980114705,-0.597600084755292,-0.14581267840685,1.32013709128723,0.0230457551195413,1.11205177534547,1.23977976936334,-0.161248911646522,-0.934823223226149,-0.365921105275238,0.17122720003957,-0.699922978552957,-0.425214384918953,0.594174312324227,0.717490063649273
"2694","07/11/2017",2017,"Gdor",6,"Out","Fall","6 A Gdor 2017 Fall Itai Granot",2.853610074625,4,31,918.534188657207,0.822458776199523,-0.690578825006633,-0.337222423032151,0.238660362717446,-0.254313209282182,1.36110974982694,0.618532017047957,1.27841095241863,1.46076666532984,0.158577714911088,0.342433385410355,0.303505674387285,0.646582956835443,-0.377117324990715,-0.65496129737491,1.10238664716493,0.306245446288832,2.28014196931083,-0.640098477741763,0.740732374265342,0.171468319639388
"2708","02/11/2015",2015,"Habonim",6,"In","Fall","6 A Habonim 2015 Fall Hagar yancovitch shalom Yoni Belmaker",4.63302209884884,7,69,975.217839107099,1.37731123062389,0.0725542670061259,-0.712403994055893,1.33002586103972,1.90747132399538,-0.501731081128396,-0.533049020761106,-0.283560964209543,2.41652152682444,0.225669594539852,0.462476169630974,2.20482363321431,1.7433694377932,3.01204494209579,-1.24911636490747,0.468651801491276,0.518555556840196,0.478710771290875,-1.02819938853305,0.575963251970853,4.29135868465589
"2734","27/04/2015",2015,"Habonim",6,"In","Spring","6 A Habonim 2015 Spring Shevy Rothman",2.4383272081809,4,272,2123.90814449545,0.689519778589978,0.292435312861362,0.814427857648153,-0.262859718298752,-0.903065752745787,-0.311024455707592,0.160590978584447,-0.310655336299886,-2.47461255609743,0.0617435554401656,-0.341369533256997,-0.473806148214667,-0.329650222488037,-0.415676759464741,1.24867631210907,-1.08321582380198,-0.249958163683442,-0.642443097647718,1.20219034580532,1.2868024265916,-0.402398378514929
"2749","15/10/2017",2017,"Habonim",6,"In","Fall","6 A Habonim 2017 Fall Shevy Rothman",3.56366761696629,9,109,3057.72793338289,1.3900111767899,-0.975632564300357,-0.0614944826555054,-1.70507531162959,0.283326662094508,-0.378084197543329,-0.0750155023668073,-0.487343232454224,1.00060420519448,-1.37256025546256,0.0976405891860102,0.539134400865803,0.487253748046504,1.66518701023732,0.120388694070248,1.69785388093148,0.290674209863846,1.21350508577651,-1.33177525587748,0.0116954584408659,0.356303379400338
"2773","12/11/2015",2015,"Shikmona",6,"In","Fall","6 A Shikmona 2015 Fall Renanel Pickholtz",5.45329588010112,7,22,678.987311399968,1.70739002394924,-0.150670701775607,-1.8169650565452,1.96258744103023,-0.590047822432757,-0.614436063279069,-0.715996131060845,-0.754577621087426,0.763477288774654,0.524228115166493,-0.584561439699221,-0.152830114135723,-0.267633626270387,0.146891976017279,-0.93544071782612,-0.350135938368285,-0.436572181885243,-0.544075479178122,1.04444995241552,-0.698968088837457,0.150417714602362
"2792","28/04/2015",2015,"Shikmona",6,"Out","Spring","6 A Shikmona 2015 Spring Yoni Belmaker",16.2119341494382,2,10,5.47922744125317,0.673011667009257,-0.191777837763642,0.0971015454072017,0.611802157674163,-1.03495237128454,-0.928321390924716,-1.12201284500319,-0.977614208426541,-0.636266813500391,-1.26715471356309,-1.20687482917275,-1.41398281023013,-1.56240094077752,-1.00702165341542,1.88763865165531,-1.29810070514227,-1.51889246928602,-1.25753711876286,1.80517545111731,-1.42429787190192,-1.27026318027281
"2798","05/11/2015",2015,"Achziv",6,"In","Fall","6 B Achziv 2015 Fall Idan Doyev Shahar Malamud",12.5971106833333,6,40,1658.99867231237,1.35855914899609,-1.14612282764127,-0.986820643966138,-0.991853345150417,1.22439624764663,-0.691800445384317,-0.347373249646275,-0.634516964020448,-0.183779065183452,0.322455958086197,-0.819252930489832,1.31022477313275,1.06926519880208,3.08472951035959,-0.879897153021389,-0.8228916966194,-0.784919216766471,-0.756810369688873,1.22421450688181,0.203780392047285,0.952889662105237
"2814","03/11/2015",2015,"Gdor",6,"In","Fall","6 B Gdor 2015 Fall Shevy Rothman Stephane Martinez",3.54954571403279,6,65,585.369859186155,0.846489500197296,-0.703147235599117,-0.297408984646289,0.601544286999894,0.968853976843022,-1.02070633059946,-0.834536088609672,-0.904320221229339,0.814506302446505,0.605153991124634,-0.044597412743003,0.58865352240522,0.773971755179475,-0.789112725322236,-1.09131109305604,-0.593564335081573,0.00904686821755665,-0.580815192818018,0.0158634882483206,0.787949731559941,0.463891425813049
"2842","07/11/2017",2017,"Gdor",6,"Out","Fall","6 B Gdor 2017 Fall Itai Granot",2.65652945808421,7,106,3332.94203011393,1.5349989752718,-0.15891051904283,0.59063281092237,-1.27670234633108,0.136618196961725,0.732614889091324,1.42046141006522,0.501867130255139,1.37257232386684,0.00492200126434651,1.25117463871883,-0.138364882845235,0.17456085416587,-0.786249568363543,-0.258100451349294,1.46976771758967,1.40508169984713,0.60196660477182,-1.52344472379675,0.0172875355453777,-0.315003614691771
"2869","15/10/2017",2017,"Habonim",6,"In","Fall","6 B Habonim 2017 Fall Shevy Rothman",2.55738505272527,5,82,2133.49567757933,0.597288414200533,-0.334297202287018,-0.199102671303792,-1.34440604860639,-0.367406866515316,0.0408751360623148,0.572761814596388,-0.268278153119428,0.62591812822367,-0.452578300481255,0.369583019617101,-0.48209961115184,-0.441752363781754,-0.289500917202676,-0.31109421101832,1.4855743653256,0.490406734502341,1.71008381092608,-0.259140523397371,-0.484732860834535,-0.472855641379347
"2879","12/11/2015",2015,"Shikmona",6,"In","Fall","6 B Shikmona 2015 Fall Renanel Pickholtz",5.99640919114433,8,55,2375.93110238122,1.82016837072832,0.0238048582300379,0.168526356558794,-2.12215996395218,-0.892016767941503,0.973089678529222,1.7583022872249,0.926190605721057,0.0227037307551382,0.137198636978417,-0.718299129825302,-0.47946454032774,-0.523529758261362,0.427923267897866,-0.924297704921272,-0.210733599396807,-0.601874279618845,-0.353858570653397,0.893257265612373,-0.606815836828355,-0.538641489521188
"2896","28/04/2015",2015,"Shikmona",6,"Out","Spring","6 B Shikmona 2015 Spring Yoni Belmaker",16.3440869905941,2,43,33.256746367993,0.646723852869403,-1.00499640361248,-2.69014170957803,1.05681053386976,-1.04891421154713,-0.979084912262222,-1.42720924141831,-0.65350632929297,-0.575590931614292,-1.37668075344277,-1.13207625578194,-1.1093427763299,-1.32365568925999,-0.478375053719496,2.46147767660683,-1.17244893702172,-1.3455501491535,-0.774587623587064,1.26350077033087,-1.14034372587714,-1.02510850144481
"2920","03/11/2015",2015,"Gdor",6,"In","Fall","6 C Gdor 2015 Fall Shevy Rothman Stephane Martinez",3.86589348346721,6,71,1159.43709617704,1.19354546655139,-0.208320633676686,-0.137797611220745,1.21958124896105,0.281737216536545,-0.532609382904874,0.0283352563996919,-0.554125027062218,0.669405745569244,2.3939464992541,0.759328457876571,0.825479752335097,1.22262888764086,0.462250800878077,-1.18148284948945,-0.0439822472537954,0.832900605548561,-0.121568760408541,-0.806172333281115,1.07452975756101,0.786814673348949
"2946","15/10/2017",2017,"Habonim",6,"In","Fall","6 C Habonim 2017 Fall Shevy Rothman",4.77687749370297,5,74,1025.94830808282,0.898422946055595,0.330163889995807,0.805574680394066,-1.12094390890914,0.176894743131013,1.33662883779777,1.92370871080858,1.30657830416711,0.630085293172058,0.642784044658489,0.185688973409214,-0.0619815390045021,0.246271427172186,0.539452876825701,0.374397671575917,1.14941965680833,0.457020469018801,0.869810970456174,0.0111015132955825,-0.360320381384493,0.102094732698857
"2960","12/11/2015",2015,"Shikmona",6,"In","Fall","6 C Shikmona 2015 Fall Renanel Pickholtz",5.87500478379808,4,36,399.098724180559,0.549458047865018,0.784320482271988,0.689234612376692,-0.457866502732646,-0.425398325798887,-0.343837392662988,0.18911208524438,-0.297724799581823,0.166435676456251,0.314742665143115,-0.349884762943847,-0.941259174965046,-0.955408854933932,-0.59152833828272,1.02695367244575,0.434326913235212,-0.201953568802087,-0.200973948913379,-0.447238510102077,-0.912962598394441,-0.891192292543717
"2975","03/11/2015",2015,"Gdor",6,"In","Fall","6 D Gdor 2015 Fall Shevy Rothman Stephane Martinez",4.11586991516177,5,46,535.226513150737,0.778688544260815,0.283667502359676,0.412882643857579,-0.143934344787541,4.18735756200809,-0.593125730252141,-0.750721460542415,-0.507334744050488,-0.429437042418105,-0.782447228873034,-0.13642106679298,0.870204444081118,0.719909190974495,0.947129218973567,-1.19266987135755,-0.612758121618047,-0.0451861611037078,-0.859918513763031,0.196818506541695,1.1054962504757,1.27090797327851
"3000","18/10/2017",2017,"Achziv",7,"In","Fall","7 A Achziv 2017 Fall Shahar Malamud",6.56777878286869,5,51,517.942005549845,0.969775337178079,0.051579755861374,1.39685022081578,0.0504749492558275,-1.0601668537636,0.822651131371486,1.10305040694725,0.714854052070192,-0.48986297664376,-0.954242189761481,-0.887655810914414,-1.18111646183555,-1.25753779901338,-1.0770645267501,0.104501538091012,-0.612118328733508,-0.859362180594916,-1.2166492918677,1.02778304606311,-1.06251899082379,-1.06161939088252
"3017","03/11/2015",2015,"Gdor",7,"In","Fall","7 A Gdor 2015 Fall Shahar Malamud",4.56953858157843,9,86,2383.06515156668,1.496546771825,-1.20860433102742,-0.175843478079327,-0.833442760368021,1.15647634035096,-0.618044601417321,-0.350109715756978,-0.585290435104811,0.11374525616304,1.45728130957264,-0.348589656138881,0.587361884922714,0.713943668526282,0.965760290218778,-1.20931012355092,-0.235391588061751,-0.229168907531171,-0.752662244522795,1.10456987722063,-0.313920034979329,0.255970709677105
"3053","30/04/2015",2015,"Gdor",7,"Out","Spring","7 A Gdor 2015 Spring Ori Frid Shahar Malamud",2.575925373125,3,30,579.604464168081,0.145569919415983,0.545327816662365,-0.261164816908998,-0.0794821034833992,-0.366038647882998,-0.71285913217261,-0.567408409749425,-0.506335581071149,-0.476452867922888,1.85333094479047,0.795452338004855,0.127793005224768,0.185621929796876,-0.290971721063382,0.384136642096583,-0.440184654225636,0.871911743706837,-0.400672075398177,0.382535517734475,1.39214527506467,-0.163387245261393
"3075","07/11/2017",2017,"Gdor",7,"Out","Fall","7 A Gdor 2017 Fall Ori Frid",4.74017592452577,7,37,3176.40734395434,1.56938437035214,5.68967941195284,1.26409672527055,-1.09068040755904,-0.508005286994363,4.82059116816251,1.96833182307101,4.67674418042634,0.323565368329573,0.510413791459358,-0.380407157409589,-0.491725740425872,-0.349286739604798,-0.0587731967739751,0.788843253890959,0.48908626747279,-0.209781040460788,0.447304251686604,-0.0996143864091652,-0.512944878784293,-0.439726622933414
"3086","19/10/2017",2017,"Shikmona",7,"In","Fall","7 A Shikmona 2017 Fall Tal Gavriely",13.8416298128704,4,23,389.171930191656,1.15534654250964,-1.19243142134463,-2.8737221923504,0.0982602480514695,0.145972298557754,-0.662680105391126,-0.985692266550554,-0.397200660291289,-0.332010778754109,-0.14070384277574,-1.01335330766913,-0.776927028041246,-0.845419501851807,-0.169843945608743,1.78849517255162,-1.19602342307358,-1.1040516553157,-1.15798433018212,0.971234602472551,-0.613504828375768,-0.702177673400747
"3098","18/10/2017",2017,"Achziv",7,"In","Fall","7 B Achziv 2017 Fall Shahar Malamud",6.24134427864,4,45,207.022680496971,0.598784276810217,-0.468588783850339,0.176989311544459,-2.03103720563352,-0.739703422279982,1.75732592832969,1.8694501202543,1.71995546846373,-0.512483881997106,-0.326052932647001,-1.03367050415987,-1.21660568566973,-1.22510026148962,-0.628970246168201,-0.20596986529604,-0.602261519605916,-1.09090871025098,-0.907324597608022,1.53255231926786,-1.04633555834568,-1.10346693907298
"3109","03/11/2015",2015,"Gdor",7,"In","Fall","7 B Gdor 2015 Fall Shahar Malamud",5.29170158379817,3,51,452.89402197736,0.757251020673296,-0.146084627977311,1.27247010920514,1.03919430442426,-0.817422472874014,-0.966775741115255,-1.01662005977618,-0.958267633011493,-0.113302939809707,-0.614688346733207,-0.476302409088866,-0.58275364944422,-0.634140519567542,-1.01195961083346,-0.337505233703247,-0.300073890041999,-0.36208597087548,-0.673257061973346,0.949805709202946,-0.506839238854456,-0.520941420976836
"3124","30/04/2015",2015,"Gdor",7,"Out","Spring","7 B Gdor 2015 Spring Ori Frid Shahar Malamud",3.25472332220408,3,142,2885.48954049881,0.0828944531281997,-0.588706581827584,0.386999515982974,0.162517084386793,-0.0371997717310109,-0.433885329219124,0.166024182063662,-0.400784109103621,-0.141438581707157,0.635799678607453,1.11641036400605,1.3477848071069,1.14830839809507,-0.449363692538913,0.0191151185989103,-0.507630048693704,1.22860066895569,-0.0919399483279217,0.073007181699103,2.16958038644652,0.78946123445951
"3147","07/11/2017",2017,"Gdor",7,"Out","Fall","7 B Gdor 2017 Fall Ori Frid",2.56518251434831,7,80,4140.68799993769,1.35882121764692,-0.974401294480821,-0.407141726243209,-2.36613395087407,0.196425498656672,0.108839988512798,1.08929831605381,0.0399335141416154,0.658828842461498,0.640582872383171,-0.106529881951271,-0.389420323455297,-0.534590835141399,0.595347194263963,0.790206652746414,1.06167679556311,0.10151949298014,0.100647264686822,-1.57820742378892,-0.799947522896334,-0.332771369154989
"3158","07/06/2017",2017,"Gdor",7,"Out","Spring","7 B Gdor 2017 Spring Shevy Rothman",2.87061768076923,2,53,711.935509459707,0.691544330408523,-0.852236301606695,0.679001315845325,1.96154028598668,-0.805841737255028,1.16001704438925,1.6768162910896,0.789026929695103,0.585854014277456,1.32968571516163,1.66765417891646,-0.294066108670424,-0.298082656727757,-1.01958303192208,-0.971425626374914,0.285309048430787,1.53501987774796,0.220347623566583,-0.296045829281184,0.23235858252797,-0.405118064012742
"3172","19/10/2017",2017,"Shikmona",7,"In","Fall","7 B Shikmona 2017 Fall Tal Gavriely",13.8858038383571,5,26,1726.0718458493,1.31143133747324,0.603133118238099,0.701621727734503,0.996697106180747,-0.158527109307682,-0.606760170457851,-0.915084548587538,-0.30853449277014,-1.34427296220803,0.17270575817151,-0.538905793385921,-0.0478311007176223,-0.26924929239925,-0.197170592474041,0.474146579560387,-1.08315036112276,-0.450495813113226,-0.623480757013799,0.589681374339029,0.116250294099416,-0.237957954537079
"3188","18/10/2017",2017,"Achziv",7,"In","Fall","7 C Achziv 2017 Fall Shahar Malamud",7.77516984969892,7,27,831.832397594628,1.32537635243691,0.0489404617928667,0.697120590007034,-0.962374006091214,-0.710137357859952,1.69660920687227,1.5836066762582,1.78243772913723,-0.410092435251305,-1.37142481419027,-0.795782067822874,-1.00353820023895,-1.16867634428459,-0.773863507881939,-0.269890952184466,0.0312862898414067,-0.814277350614057,0.135609246981509,-0.135924448415011,-1.10166187945608,-0.933368805823674
"3197","03/11/2015",2015,"Gdor",7,"In","Fall","7 C Gdor 2015 Fall Shahar Malamud",5.44029904247312,5,52,676.06147488649,1.21396466406018,-0.425145586324373,0.109803873963143,-0.696740092220986,-0.839436086283302,0.186955820738886,0.585120146041259,0.358672270858451,-0.0799436950043688,-0.925215761733136,-0.526114152719832,-0.212602115186212,-0.0413165529732989,0.110231335007642,-0.14169666036706,-0.231761458868984,-0.306855897485405,-0.866436842177522,0.638491641533638,-0.546590576963638,-0.338024448155682
"3224","30/04/2015",2015,"Gdor",7,"Out","Spring","7 C Gdor 2015 Spring Ori Frid Shahar Malamud",2.78991471213492,2,160,2358.76423312878,0.0484323484692017,-0.174386089389862,1.20550102661538,-0.105824922435868,-1.09483914990175,0.854780707243572,1.66857670245571,0.762708823647426,-0.338334440418737,0.233726258872206,-0.0714836434722048,-1.30692582914274,-1.49180890557217,-1.08243466057365,2.17829036710355,0.0554753673839629,0.133742156888343,0.0633149719467264,0.305153430734516,-1.16749410012502,-1.17831196892758
"3239","07/11/2017",2017,"Gdor",7,"Out","Fall","7 C Gdor 2017 Fall Ori Frid",2.58141376455,5,58,7195.81756811504,0.680357541663962,-0.527971129770706,-0.0324825788117054,-1.72485680014143,1.85973822412025,-0.448286121844825,-0.299309309103886,-0.639314133578664,1.26411718945476,0.838353599319466,2.70692653571213,-0.11436192316185,0.366203319333374,-0.980113578418092,-0.244828988381668,2.28972627842797,2.47047017448011,1.30002118179601,-2.78239169340094,0.926714028029186,-0.298786389308978
"3251","07/06/2017",2017,"Gdor",7,"Out","Spring","7 C Gdor 2017 Spring Shevy Rothman",2.85796298879439,3,24,684.719678755101,0.829295806308761,-0.836922706966798,-1.545459582419,-0.570336142866825,4.12192394312424,-0.719739233122499,-0.527017099749585,-0.726251001158693,0.0101015143555985,0.281076489524931,0.595301689272991,1.65095509707296,1.38307663173272,1.58300465299609,-0.89797711738194,-0.0202459312370134,0.684277208599658,-0.657257497732638,-0.181758454344104,1.70675854608889,0.701057048420946
"3265","15/10/2017",2017,"Habonim",7,"In","Fall","7 C Habonim 2017 Fall Hezi Buba",3.93325041457471,3,20,701.504993741627,1.04865378935935,-0.45656320888222,0.785589034681193,-0.526310904831321,1.17688632680298,-0.7003564094505,-0.550655733984076,-0.731035944267162,2.44429580821614,-0.0113085970039134,2.21722801286481,0.961982707838027,1.59783550231994,-0.93283006478667,-0.473048498315688,3.19351192476186,2.04661594707046,1.68045501075625,-4.1853883813969,0.475099071080363,0.637437278566904
"3290","18/10/2017",2017,"Achziv",7,"In","Fall","7 D Achziv 2017 Fall Shahar Malamud",7.25371368962366,6,126,4415.47707319565,1.55464184562362,-0.434246140365171,-0.913739433009865,-0.157116560025586,-0.689305509331002,-0.437274127610169,-0.158888853905208,-0.298087935124106,-0.46516869593683,-2.06808053006078,-0.950462815891584,-0.867330976336667,-0.965848522340882,-0.567744861382907,0.198668080215352,-0.693372025071254,-0.970813680784276,-1.17872442598279,0.795636791045469,-0.827981555433988,-0.873409044770348
"3306","03/11/2015",2015,"Gdor",7,"In","Fall","7 D Gdor 2015 Fall Shahar Malamud",4.87827261544086,7,26,1871.33660876741,1.70814038385704,-0.710721140253667,-2.87894759573096,1.16268558610285,3.0506202228184,-1.30989410924334,-1.47033446458829,-1.21602151402882,0.238688688045478,-0.898865898719262,-0.642592168022115,0.206464193200485,0.267150761986088,-0.645257678743529,-1.15571984254969,-0.384587775001965,-0.56970698913337,-0.249565185003355,0.561109560515899,-0.268115594336772,-0.0307969200097997
"3321","30/04/2015",2015,"Gdor",7,"Out","Spring","7 D Gdor 2015 Spring Ori Frid Shahar Malamud",2.66526861814729,3,338,581.083698350486,0.156824568297958,-0.0717197232966982,0.979707450913856,-1.03014745254964,-0.34059261674827,1.30567841925394,2.03997365972366,1.34956915190436,0.531685039956123,0.688661526064995,0.936945573453117,-0.63114398682735,-0.330147349566894,-0.624084162534472,0.824868017502997,0.470338528186904,1.05801711333873,1.43927654974073,-0.512120421824411,-0.124471178452108,-0.665903023387362
"3348","07/11/2017",2017,"Gdor",7,"Out","Fall","7 D Gdor 2017 Fall Ori Frid",2.5709290503913,5,48,2052.15065064297,1.05860844460257,0.469346920427917,0.987026283496498,-1.64352085057436,-0.198050054085232,1.20255024310122,1.92091029442258,1.17732774649281,1.63202354147816,0.718636483888468,1.07358987110778,-0.580581444819703,-0.33984132635556,-1.06368436404878,0.298090035003206,2.60481674709336,1.20110902343163,1.2994286086512,-0.995460807741778,-0.4559053388862,-0.632845648899709
"3356","19/10/2017",2017,"Shikmona",7,"In","Fall","7 D Shikmona 2017 Fall Tal Gavriely",14.2088623890722,9,24,5169.93452739733,1.80591772229434,0.576954927563525,1.02149376786918,-0.390426135276522,-1.04124986921811,-0.867597451386161,-0.781618123409932,-0.733735939584513,-0.378949943359547,-0.647598736800136,-1.12301302610846,-0.949311913631492,-1.18073168531459,-0.784902375142394,1.82373548873397,-0.863688654425814,-1.28729627282381,-1.30909107764759,1.50755195674815,-0.9371295510684,-0.885703929460631
"3372","18/10/2017",2017,"Achziv",8,"In","Fall","8 A Achziv 2017 Fall Stephane Martinez Shevy Rothman",4.70512552182759,6,126,6198.83837756124,0.83375440361269,-0.513263476165174,0.435106577658375,-1.42529141724283,0.0597473043172651,1.87625628530645,1.23789868509864,2.07932723515682,1.31231626640274,-1.20165733093144,0.0858155947857513,-0.271653501804615,-0.402479329548232,-0.918892189405266,-0.744571435617558,1.41602511528755,0.298426196696609,-0.00897929713266701,-0.525215846962256,-0.578906474095361,-0.209331656175556
"3386","02/11/2015",2015,"Habonim",8,"Out","Fall","8 A Habonim 2015 Fall Shahar Malamud",3.12485796826882,4,82,742.760560620754,0.359660734125305,-0.607463950477173,0.429511746602608,0.185255005719808,-0.819695865270494,0.640348283336603,1.16543415382678,0.322523934541718,0.318002826089386,0.486079087551293,0.0252659399714027,-0.907372452653503,-0.917254356003321,-0.936039172519899,0.667790680082877,0.992802122158232,0.259988021447766,0.177089575556831,-0.683551496194492,-0.874490886027432,-0.771099333832836
"3425","15/10/2017",2017,"Habonim",8,"Out","Fall","8 A Habonim 2017 Fall Ori Frid",3.0615845771,4,165,2956.29537151084,0.218177662080766,0.247391930684433,-0.260286914768431,-0.728402126921163,-0.196317397530001,0.144301534773479,0.163819006238447,0.380597972165255,1.14567069816011,-1.11834798602291,-0.375159998909445,0.491225848525506,0.942497813678224,2.02315748412607,-0.361857859599527,1.5414245206592,-0.175233270066123,-0.363932361758281,0.209318693783767,0.489695523735753,0.125878798099857
"3434","19/10/2017",2017,"Shikmona",8,"In","Fall","8 A Shikmona 2017 Fall Yoni Belmaker Mai Lazarus",15.3061085331933,3,43,238.32821205071,0.694809389011686,-1.22486129068103,-2.33505316004056,2.27155341552845,-1.17104506757558,-0.334147657780722,-0.560105800276985,-0.151977625262472,-1.33934874427421,-1.08526290294213,-1.1613549602848,-1.31375574776481,-1.42121686287264,-0.793648932781142,1.80983426473849,-1.43528209587634,-1.43320278772283,-1.37368197921989,0.87599510341755,-1.1021887783247,-1.06016689171935
"3459","02/11/2015",2015,"Habonim",8,"Out","Fall","8 B Habonim 2015 Fall Shahar Malamud",3.94326954965812,1,34,130.122995634936,0,0.945329690933027,0.0973240581879543,-0.0680360494624868,-0.631546471282456,1.74316177407715,1.53096961894215,1.5593109116094,1.04919930567621,0.588266118237639,0.266972070755315,-0.157884214463479,0.00317631558821349,0.444026201080978,-0.132430128665228,0.731291103523633,0.41431381407884,-0.09371767967313,-0.450214759403121,-0.155518431516137,-0.292047726454677
"3476","15/10/2017",2017,"Habonim",8,"Out","Fall","8 B Habonim 2017 Fall Ori Frid",4.25902016233684,7,70,2326.04507188088,1.18286740953129,0.0427629437549859,0.280203521226426,-1.74718490221961,0.785860696076553,2.6673342906839,2.64935877547018,2.42742582353605,0.802147884718735,-0.234867765012946,0.118495162944841,0.312145701120767,0.35737931430819,1.34735018185734,0.0217811845950996,1.49607919996677,0.314116953765107,0.216199587731356,-0.256164298025247,-0.188954800878125,0.17165375162431
"3495","19/10/2017",2017,"Shikmona",8,"In","Fall","8 B Shikmona 2017 Fall Yoni Belmaker Mai Lazarus",15.6870158308182,2,46,269.211048814456,0.68936168314351,-0.825512565358436,-2.16123869633212,-1.32942389141062,-0.672843670405861,-0.502845615629985,-0.648213975644814,-0.33046244612879,-0.817052184916159,-1.59028932034105,-0.970131727203127,-1.12040878666706,-1.26748034183954,-0.552756025382231,3.41985190605778,-0.965468830060212,-0.989603510904403,-0.949397475506597,1.41886018820876,-1.21589698358652,-1.08056592376685
"3530","18/10/2017",2017,"Achziv",8,"In","Fall","8 C Achziv 2017 Fall Stephane Martinez Shevy Rothman",4.41227356371918,5,75,1483.17986896439,0.732316382885999,-0.587031939262239,1.2318155450054,-0.93959659854662,-0.306392766323596,1.27177694768259,1.29130044548662,1.2324740190571,-0.518595382592705,0.424586719896128,0.869710764632726,-0.503261615920263,-0.162118416897969,-0.470421028310996,0.239058010495252,0.0317052509883839,0.877763411217907,0.411749678380915,-1.33177525587748,0.325908063464216,-0.55535110553205
"3540","02/11/2015",2015,"Habonim",8,"Out","Fall","8 C Habonim 2015 Fall Shahar Malamud",2.78316086238889,2,68,291.268455112666,0.0766488007761842,-0.214796121946935,0.645995014795202,-0.635561383020269,-0.282756473474065,0.379278201689634,0.942496918900232,-0.0505203455933593,0.973390840959339,0.290580367306698,0.237351231930773,-0.42582327998163,-0.438148194333593,-0.0678168590027806,0.125719745886101,1.4240635387088,0.295156497644015,1.06713880436173,-1.38415696241104,-0.656141585185015,-0.507984072381214
"3570","15/10/2017",2017,"Habonim",8,"Out","Fall","8 C Habonim 2017 Fall Ori Frid",3.69528928393258,8,160,3604.74580112534,0.75145945562632,0.743973877111478,-0.129262529055311,0.723245415627187,-0.228354582844135,-0.0838956487784126,0.201177339983681,-0.0621486132930891,0.726411906224461,-1.30592330505222,0.558547104825857,1.1705236961651,1.59945116595074,-0.393572958479619,-0.905656307672901,1.92210128696598,0.772524151876792,1.06832395065135,-0.294260097647248,1.02970933538456,1.22986080549647
"3584","19/10/2017",2017,"Shikmona",8,"In","Fall","8 C Shikmona 2017 Fall Yoni Belmaker Mai Lazarus",14.9655075500877,3,43,295.455869151397,0.787480525359056,-0.112961743550255,-0.922309118215638,1.37117133566586,0.00347925804306474,0.101358881241481,-0.797210615438436,0.421412644417895,-1.11627925553194,-1.98435556697412,-1.03696756683977,-0.867798968239221,-0.765879181725113,-0.527354142998136,1.31331410862415,-1.15400408450892,-1.21388443079916,-0.679775384432435,0.914686134953057,-0.767630053101562,-0.841140678874565
"3617","02/11/2015",2015,"Habonim",8,"Out","Fall","8 D Habonim 2015 Fall Shahar Malamud",3.53716800610577,2,26,144.426709750336,0.163023629494366,1.03698981808693,0.937871834231822,-0.325917334071657,-0.214088555425445,0.821864486616848,0.789531483506753,1.05441280306613,0.597742343110629,-1.03230962326103,0.435426181670295,0.515110652752078,0.367321854636285,1.5486596463477,1.29107339748738,0.998067444681071,0.637329333686631,1.91985572851576,-0.101400124025331,0.0787688828141086,0.440850988817301
"3630","15/10/2017",2017,"Habonim",8,"Out","Fall","8 D Habonim 2017 Fall Ori Frid",3.47410832428866,6,24,912.810104332282,1.53723744437867,-0.0936616628486128,0.47242286438793,0.16481477732737,2.48904393805894,-0.928235250812297,-0.930600445904924,-0.871733570355782,1.29172472438792,1.27173101669854,0.233961445850151,0.678512573846638,1.03968614635335,1.485924307386,-0.278427802464935,0.749280955476682,0.435445382658124,-0.0160902165581233,0.172413393882173,0.853501252404776,0.660848045519065
"3643","19/10/2017",2017,"Shikmona",8,"In","Fall","8 D Shikmona 2017 Fall Yoni Belmaker Mai Lazarus",15.4940580598969,2,59,343.490672516945,0.660471397435902,0.358049829217194,-1.34746849916751,0.425970991294608,-0.961826628927501,0.000368830217113779,-0.339853052562454,0.0382141471669882,-0.484167976397356,-1.32438893165914,-1.11844832954537,-1.08643290969442,-1.34030944015652,-0.420113782254515,1.82498199154867,-1.1501841446394,-1.31252688232478,-1.25753705920899,0.837899303795562,-1.18323295294776,-0.899645522667578
"3681","05/11/2015",2015,"Achziv",9,"In","Fall","9 A Achziv 2015 Fall Idan Doyev Shahar Malamud",16.20366813,6,58,1280.64710338631,1.21453001542961,0.038971513572559,-0.414786414750646,1.29332302754953,-0.783800028379573,-0.0667408190329821,-0.892192097669689,0.234329615783243,-0.0959576115219651,-1.41776020877182,-1.13933418106866,-0.0599333055102681,-0.314114995653135,1.4033532933289,-0.492485803854347,-1.09452216368362,-1.33980978855207,-1.41279197352825,1.68969740895736,-0.723189130916937,-0.0765550795213712
"3708","18/10/2017",2017,"Achziv",9,"Out","Fall","9 A Achziv 2017 Fall Ori Frid",4.67374722131915,6,31,979.671896041906,1.21548511264976,0.558134583740502,0.0798450622869848,-0.441091689188358,-0.681804060850786,1.16746171145823,1.50626685913611,1.23301626114098,0.315233334859617,-0.453826029489104,-0.372794909550219,0.154412421763756,0.0730226614243026,1.25561572958071,-0.0402885137030121,0.538229277686006,-0.210565540980201,-0.20275166834782,0.459322348891993,-0.149841686080637,-0.104440109004066
"3727","05/11/2015",2015,"Achziv",9,"In","Fall","9 B Achziv 2015 Fall Idan Doyev Shahar Malamud",12.7270951444961,8,31,1917.03560744172,1.7330988227605,-0.565554400109019,0.394676038575185,1.46643205499235,0.271210964640924,0.413813976251926,-0.254854607963173,0.721767116366428,-1.65977632594759,1.1391984224166,-0.506994305502894,2.85378523667367,3.51053170465065,3.62874589405834,-0.571615506450533,-1.06792810611586,-0.42128167260906,-0.948804854718684,0.644444086295655,4.16261304927542,2.3033157802912
"3744","18/10/2017",2017,"Achziv",9,"Out","Fall","9 B Achziv 2017 Fall Ori Frid",4.84937494340909,6,26,2346.33099215665,1.42369224720052,0.325507356307433,0.905905213834473,-0.361337253388208,2.75248105709952,-0.707778100693559,-0.80256307235295,-0.858404031364913,-0.0271505756843272,-0.498575013177477,0.725883840819334,1.92998638093786,1.58901149854379,2.15806525543917,-1.65932970538812,0.105302759141034,0.692021983936518,1.12995186143644,-1.03891382619451,0.764254020256701,2.207770541362
"3757","05/11/2015",2015,"Achziv",9,"In","Fall","9 C Achziv 2015 Fall Idan Doyev Shahar Malamud",12.0835929545977,6,69,8368.82016912826,1.2674203337878,-1.26365430853666,-4.00932781879434,0.888850323997655,0.72275031135924,-1.37984792066021,-1.94750518065263,-1.29756358725924,0.00486332344887444,-1.57706369660586,-0.776570857133405,1.73322260820331,1.71379037535222,2.99936066879316,-1.4200946835171,-0.702826742142927,-0.686041137829039,-1.29546193104929,0.72004051344844,0.639655711657358,1.33429275791071
